TransactionID,AccountNo,TransactionDate,TransactionType,Amount,PaymentMode
900001,500330,2025-08-07,Credit,38968,NEFT
900002,500344,2025-03-06,Credit,18049,NEFT
900003,500426,2025-06-22,Debit,36368,NEFT
900004,500450,2025-09-07,Credit,8840,UPI
900005,500648,2026-01-21,Credit,1124,ATM
900006,500083,2025-01-07,Credit,11858,UPI
900007,500668,2025-10-18,Debit,45549,ATM
900008,500130,2025-07-31,Credit,42031,Cash
900009,500536,2026-04-07,Debit,15779,NEFT
900010,500626,2025-02-08,Credit,47102,ATM
900011,500627,2025-04-01,Debit,22896,ATM
900012,500005,2025-08-30,Credit,7800,IMPS
900013,500098,2026-01-06,Credit,30522,NEFT
900014,500284,2025-02-24,Credit,7484,NEFT
900015,500486,2026-05-25,Credit,10570,UPI
900016,500056,2026-01-08,Debit,13835,ATM
900017,500258,2025-12-09,Debit,2938,UPI
900018,500054,2026-07-05,Credit,10457,UPI
900019,500497,2026-06-12,Credit,4743,NEFT
900020,500456,2025-11-30,Debit,13125,Cash
900021,500236,2025-04-23,Debit,15027,UPI
900022,500243,2026-02-27,Credit,24710,NEFT
900023,500076,2026-04-28,Debit,3661,ATM
900024,500149,2025-08-10,Debit,11769,ATM
900025,500383,2025-05-20,Debit,47274,NEFT
900026,500648,2026-01-03,Debit,13352,Cash
900027,500131,2025-02-02,Credit,18489,NEFT
900028,500114,2026-04-22,Debit,27508,NEFT
900029,500352,2025-08-14,Debit,39659,NEFT
900030,500654,2025-06-24,Credit,5767,ATM
900031,500535,2026-05-16,Credit,38869,ATM
900032,500474,2025-10-13,Credit,47942,ATM
900033,500253,2025-09-11,Debit,28558,IMPS
900034,500228,2025-06-02,Credit,27479,UPI
900035,500042,2026-04-27,Credit,27998,IMPS
900036,500404,2026-05-06,Credit,29751,ATM
900037,500247,2025-03-27,Credit,45526,ATM
900038,500224,2025-05-16,Debit,19484,NEFT
900039,500664,2025-04-03,Credit,31543,Cash
900040,500166,2026-04-16,Credit,29908,ATM
900041,500142,2026-02-20,Credit,24375,ATM
900042,500649,2025-01-02,Credit,25323,Cash
900043,500544,2025-02-03,Debit,28011,Cash
900044,500628,2025-08-01,Credit,40762,Cash
900045,500057,2026-06-12,Debit,3479,UPI
900046,500393,2026-01-10,Debit,40675,UPI
900047,500375,2026-01-11,Credit,42578,IMPS
900048,500069,2025-07-29,Credit,22049,NEFT
900049,500553,2025-04-27,Debit,48424,IMPS
900050,500215,2025-08-19,Debit,23215,Cash
900051,500516,2026-03-10,Debit,3669,UPI
900052,500382,2025-12-20,Debit,31965,IMPS
900053,500540,2025-05-06,Debit,46619,IMPS
900054,500695,2026-06-30,Debit,29720,IMPS
900055,500377,2025-03-09,Credit,30107,UPI
900056,500083,2026-02-05,Credit,18998,UPI
900057,500112,2025-06-18,Debit,7441,NEFT
900058,500509,2025-06-04,Credit,34223,UPI
900059,500301,2026-03-03,Credit,31157,Cash
900060,500431,2026-03-31,Credit,19204,NEFT
900061,500065,2025-01-23,Credit,34153,Cash
900062,500422,2025-12-18,Debit,31960,IMPS
900063,500682,2026-06-27,Debit,30115,Cash
900064,500581,2025-05-16,Debit,11354,Cash
900065,500233,2026-05-11,Debit,18983,UPI
900066,500152,2025-12-28,Debit,29979,NEFT
900067,500634,2025-06-14,Debit,12045,NEFT
900068,500683,2025-06-07,Credit,15691,UPI
900069,500043,2025-11-21,Credit,28994,Cash
900070,500379,2025-07-08,Credit,36963,UPI
900071,500682,2025-11-21,Debit,9795,Cash
900072,500460,2025-06-16,Debit,8061,UPI
900073,500415,2026-05-27,Credit,30118,Cash
900074,500160,2025-01-05,Debit,42517,Cash
900075,500486,2025-10-24,Credit,37143,ATM
900076,500347,2025-04-26,Debit,2726,NEFT
900077,500695,2025-04-30,Debit,1725,ATM
900078,500633,2025-08-14,Debit,23522,UPI
900079,500335,2025-02-26,Credit,38335,IMPS
900080,500228,2025-10-12,Credit,1577,UPI
900081,500552,2026-04-02,Credit,33640,ATM
900082,500200,2026-05-18,Debit,39629,IMPS
900083,500524,2025-02-27,Debit,26154,NEFT
900084,500438,2026-01-14,Debit,24533,UPI
900085,500292,2025-12-20,Debit,20290,ATM
900086,500575,2025-03-31,Credit,47800,ATM
900087,500426,2026-03-30,Debit,10834,ATM
900088,500425,2025-05-23,Credit,9513,NEFT
900089,500311,2026-05-02,Debit,4432,IMPS
900090,500385,2025-04-01,Credit,26934,Cash
900091,500425,2025-06-29,Debit,46646,IMPS
900092,500141,2025-07-24,Credit,25119,Cash
900093,500568,2026-05-18,Credit,19891,IMPS
900094,500312,2026-05-21,Debit,14814,UPI
900095,500003,2025-06-07,Debit,19771,ATM
900096,500128,2025-10-22,Debit,11855,ATM
900097,500661,2025-09-08,Credit,7922,Cash
900098,500505,2025-03-10,Debit,38180,ATM
900099,500580,2026-03-23,Debit,41256,ATM
900100,500123,2026-01-18,Credit,17109,NEFT
900101,500596,2025-03-01,Credit,21050,ATM
900102,500139,2026-01-01,Credit,3566,Cash
900103,500370,2026-03-06,Debit,3292,Cash
900104,500299,2026-06-27,Credit,33776,NEFT
900105,500644,2025-07-07,Credit,39340,NEFT
900106,500557,2025-11-27,Debit,44990,Cash
900107,500278,2026-01-07,Credit,35123,IMPS
900108,500361,2025-05-28,Credit,9075,IMPS
900109,500289,2026-01-17,Debit,27100,Cash
900110,500167,2025-04-15,Credit,10228,IMPS
900111,500227,2025-07-12,Credit,27451,ATM
900112,500079,2025-04-30,Credit,1238,ATM
900113,500357,2025-11-16,Debit,9210,ATM
900114,500612,2026-06-20,Debit,11385,Cash
900115,500030,2025-05-02,Credit,8535,NEFT
900116,500233,2025-11-11,Credit,13852,NEFT
900117,500081,2026-03-12,Credit,5194,UPI
900118,500496,2026-03-18,Credit,12968,UPI
900119,500034,2026-06-10,Credit,30841,UPI
900120,500260,2025-02-14,Credit,19868,UPI
900121,500099,2025-05-07,Credit,38609,NEFT
900122,500190,2025-12-26,Credit,6049,NEFT
900123,500285,2025-12-23,Debit,10622,IMPS
900124,500628,2025-09-05,Credit,6594,IMPS
900125,500015,2026-06-26,Credit,47011,NEFT
900126,500289,2025-06-25,Credit,47636,UPI
900127,500220,2026-06-01,Debit,24116,IMPS
900128,500190,2026-03-27,Credit,11952,Cash
900129,500389,2026-03-11,Credit,33801,NEFT
900130,500418,2025-04-26,Debit,8201,ATM
900131,500113,2026-06-17,Credit,32593,Cash
900132,500296,2025-02-11,Credit,21603,ATM
900133,500119,2026-01-30,Debit,30046,IMPS
900134,500320,2026-03-31,Credit,36401,ATM
900135,500298,2026-03-15,Credit,4661,ATM
900136,500696,2026-01-12,Credit,937,ATM
900137,500689,2025-04-18,Debit,28808,IMPS
900138,500675,2025-03-29,Credit,9495,ATM
900139,500411,2025-04-15,Credit,4340,Cash
900140,500204,2025-12-13,Credit,39091,ATM
900141,500126,2025-08-27,Debit,47626,ATM
900142,500286,2025-10-07,Debit,23437,ATM
900143,500683,2026-02-19,Debit,33616,Cash
900144,500151,2026-04-11,Credit,8107,Cash
900145,500502,2026-05-25,Credit,41280,NEFT
900146,500031,2025-04-12,Credit,4571,ATM
900147,500695,2025-01-28,Credit,25176,IMPS
900148,500696,2025-12-01,Credit,19941,IMPS
900149,500639,2025-04-09,Credit,43424,IMPS
900150,500505,2026-04-23,Credit,19338,ATM
900151,500503,2026-06-01,Debit,35649,Cash
900152,500554,2025-01-19,Credit,28307,UPI
900153,500393,2026-04-06,Debit,24763,ATM
900154,500471,2025-02-06,Credit,11691,IMPS
900155,500676,2025-11-07,Credit,32309,ATM
900156,500138,2025-11-16,Debit,32045,UPI
900157,500583,2026-05-18,Debit,31289,IMPS
900158,500161,2026-06-03,Credit,25749,Cash
900159,500507,2026-01-22,Debit,18740,Cash
900160,500063,2025-01-29,Credit,8501,Cash
900161,500358,2025-01-28,Debit,25041,UPI
900162,500439,2025-12-20,Debit,27096,Cash
900163,500058,2025-09-08,Credit,15476,Cash
900164,500607,2025-03-28,Credit,20082,UPI
900165,500346,2025-06-23,Credit,35385,Cash
900166,500039,2026-04-17,Debit,37327,IMPS
900167,500432,2025-10-01,Credit,45710,ATM
900168,500603,2025-01-23,Debit,24855,IMPS
900169,500400,2025-11-27,Credit,32105,UPI
900170,500692,2025-07-30,Debit,32653,IMPS
900171,500684,2025-12-14,Credit,40393,Cash
900172,500373,2026-03-23,Credit,32668,UPI
900173,500549,2025-08-08,Debit,17477,UPI
900174,500305,2026-02-16,Credit,41031,UPI
900175,500593,2025-04-08,Debit,18015,UPI
900176,500581,2026-06-28,Debit,28090,NEFT
900177,500356,2025-03-20,Debit,33172,Cash
900178,500444,2025-11-17,Credit,27252,ATM
900179,500258,2026-06-12,Debit,44111,IMPS
900180,500185,2025-01-20,Credit,37904,ATM
900181,500219,2026-04-24,Debit,41907,IMPS
900182,500630,2026-03-21,Credit,34327,NEFT
900183,500374,2026-04-19,Credit,15853,NEFT
900184,500308,2026-03-22,Debit,20983,UPI
900185,500650,2025-07-28,Debit,17593,Cash
900186,500662,2025-06-14,Debit,45113,IMPS
900187,500242,2026-02-20,Credit,7542,NEFT
900188,500197,2025-01-29,Credit,20451,ATM
900189,500498,2026-03-23,Debit,42496,UPI
900190,500207,2025-06-13,Debit,9041,UPI
900191,500265,2025-10-12,Credit,42324,UPI
900192,500498,2025-01-21,Credit,5600,Cash
900193,500617,2025-11-02,Credit,26773,Cash
900194,500688,2025-04-03,Debit,47563,NEFT
900195,500242,2025-04-25,Credit,34307,IMPS
900196,500538,2025-09-15,Debit,6014,NEFT
900197,500615,2025-05-06,Debit,21680,IMPS
900198,500400,2025-08-30,Debit,14387,NEFT
900199,500110,2025-06-29,Credit,18092,ATM
900200,500419,2025-09-18,Credit,32236,IMPS
900201,500384,2025-04-26,Debit,35865,ATM
900202,500487,2025-09-10,Debit,9596,Cash
900203,500487,2026-01-12,Debit,1481,IMPS
900204,500036,2025-02-25,Credit,16679,IMPS
900205,500394,2025-11-13,Debit,45008,UPI
900206,500548,2025-08-31,Debit,25558,UPI
900207,500403,2025-09-19,Debit,6014,NEFT
900208,500305,2025-08-04,Credit,28860,Cash
900209,500660,2026-02-21,Credit,18059,UPI
900210,500504,2026-04-28,Debit,21905,ATM
900211,500103,2025-06-14,Debit,33283,UPI
900212,500361,2026-03-07,Debit,29804,UPI
900213,500054,2025-07-08,Debit,42115,NEFT
900214,500004,2026-02-15,Credit,41276,Cash
900215,500322,2025-03-26,Credit,10443,NEFT
900216,500529,2025-05-14,Debit,21032,ATM
900217,500490,2025-05-17,Debit,11469,IMPS
900218,500336,2025-10-16,Credit,5631,ATM
900219,500377,2025-07-06,Debit,24828,IMPS
900220,500230,2025-01-22,Credit,36703,IMPS
900221,500642,2025-08-23,Credit,30405,NEFT
900222,500269,2025-06-22,Credit,26382,IMPS
900223,500440,2025-09-24,Credit,5936,Cash
900224,500175,2025-05-01,Credit,47193,IMPS
900225,500446,2026-04-10,Debit,7866,NEFT
900226,500209,2025-07-15,Debit,18971,ATM
900227,500392,2025-05-14,Debit,13640,IMPS
900228,500221,2025-10-17,Credit,27515,NEFT
900229,500419,2025-05-30,Credit,19118,Cash
900230,500242,2026-04-07,Credit,24324,IMPS
900231,500663,2026-04-15,Credit,776,ATM
900232,500137,2025-11-28,Debit,45113,NEFT
900233,500393,2026-03-10,Debit,4887,UPI
900234,500571,2025-03-02,Credit,21914,NEFT
900235,500483,2025-12-29,Credit,451,Cash
900236,500517,2026-01-26,Debit,25966,Cash
900237,500136,2025-02-12,Credit,17158,NEFT
900238,500516,2026-05-20,Debit,30776,NEFT
900239,500092,2025-11-21,Debit,9392,Cash
900240,500120,2025-11-17,Credit,8480,ATM
900241,500288,2026-01-05,Debit,18641,Cash
900242,500628,2025-09-28,Debit,28658,NEFT
900243,500324,2026-05-19,Credit,36516,ATM
900244,500055,2025-07-13,Credit,3676,NEFT
900245,500188,2025-02-06,Debit,17154,NEFT
900246,500479,2026-03-23,Credit,32534,UPI
900247,500453,2026-01-01,Debit,30099,ATM
900248,500116,2025-06-01,Credit,23011,UPI
900249,500209,2025-10-18,Credit,11129,IMPS
900250,500280,2025-08-06,Credit,34572,IMPS
900251,500185,2026-03-03,Credit,16232,ATM
900252,500694,2025-04-07,Debit,1801,Cash
900253,500698,2025-05-05,Debit,24581,IMPS
900254,500109,2025-11-28,Credit,1992,UPI
900255,500472,2026-05-07,Debit,41279,Cash
900256,500609,2025-01-06,Debit,2973,IMPS
900257,500464,2025-11-29,Credit,13952,UPI
900258,500660,2025-10-17,Debit,3739,UPI
900259,500561,2026-01-26,Credit,26239,Cash
900260,500183,2025-09-03,Debit,5945,UPI
900261,500214,2025-06-16,Debit,26471,Cash
900262,500663,2025-06-07,Credit,19665,ATM
900263,500443,2025-11-14,Credit,23630,UPI
900264,500377,2026-06-09,Credit,32187,ATM
900265,500398,2026-05-03,Debit,37000,IMPS
900266,500434,2025-04-03,Debit,24232,IMPS
900267,500191,2026-03-21,Debit,6191,UPI
900268,500526,2025-12-16,Debit,44431,NEFT
900269,500664,2025-06-08,Debit,34655,IMPS
900270,500086,2025-10-25,Debit,28762,UPI
900271,500490,2025-11-04,Credit,8474,Cash
900272,500255,2026-06-20,Debit,19464,IMPS
900273,500049,2025-03-20,Credit,33747,UPI
900274,500523,2026-03-12,Debit,6292,ATM
900275,500677,2025-09-17,Debit,16802,IMPS
900276,500084,2026-05-31,Credit,7566,ATM
900277,500184,2025-07-06,Debit,3066,UPI
900278,500427,2025-11-01,Debit,38583,ATM
900279,500687,2026-04-06,Debit,22469,NEFT
900280,500217,2025-07-09,Credit,49057,IMPS
900281,500266,2025-04-19,Debit,35120,UPI
900282,500006,2026-02-09,Credit,971,NEFT
900283,500672,2026-05-04,Debit,45438,ATM
900284,500674,2026-05-14,Debit,40633,IMPS
900285,500370,2026-02-09,Debit,5843,NEFT
900286,500139,2025-01-15,Credit,7434,UPI
900287,500193,2025-01-28,Credit,31630,NEFT
900288,500666,2025-09-05,Debit,41129,IMPS
900289,500196,2025-03-30,Debit,30471,NEFT
900290,500486,2026-03-09,Credit,7732,NEFT
900291,500157,2026-04-01,Debit,30999,UPI
900292,500461,2025-09-06,Credit,19422,IMPS
900293,500402,2025-02-22,Debit,616,UPI
900294,500646,2026-03-19,Debit,32586,IMPS
900295,500611,2025-10-25,Credit,32048,ATM
900296,500498,2026-06-10,Debit,15298,UPI
900297,500541,2025-01-20,Debit,37875,Cash
900298,500567,2025-03-07,Debit,42587,ATM
900299,500485,2025-04-30,Debit,40909,Cash
900300,500460,2026-03-23,Credit,10673,Cash
900301,500197,2026-04-26,Debit,28812,NEFT
900302,500520,2025-08-13,Debit,39559,ATM
900303,500135,2025-10-28,Debit,27419,Cash
900304,500484,2025-06-15,Credit,18611,UPI
900305,500684,2026-05-10,Credit,11456,NEFT
900306,500161,2026-05-19,Credit,27361,ATM
900307,500311,2025-08-29,Credit,36592,UPI
900308,500019,2026-01-03,Debit,23499,NEFT
900309,500179,2026-05-31,Credit,4272,Cash
900310,500441,2025-04-27,Credit,8009,IMPS
900311,500230,2026-05-14,Debit,22403,Cash
900312,500048,2025-10-01,Credit,45328,IMPS
900313,500619,2025-04-17,Credit,28793,ATM
900314,500114,2025-04-19,Credit,36962,UPI
900315,500520,2025-04-18,Credit,41382,UPI
900316,500211,2026-01-06,Credit,47833,Cash
900317,500453,2026-06-03,Debit,48108,UPI
900318,500158,2026-01-08,Debit,9129,UPI
900319,500207,2026-03-26,Debit,531,NEFT
900320,500486,2025-12-16,Debit,33197,NEFT
900321,500088,2025-09-30,Debit,46971,ATM
900322,500370,2025-09-09,Credit,49462,IMPS
900323,500432,2025-08-22,Credit,28203,ATM
900324,500420,2026-04-15,Debit,2050,ATM
900325,500150,2025-01-11,Credit,5656,Cash
900326,500323,2026-02-16,Credit,28547,UPI
900327,500403,2025-02-07,Credit,37754,UPI
900328,500647,2026-06-17,Debit,27579,ATM
900329,500698,2025-11-08,Debit,22654,UPI
900330,500287,2026-06-25,Credit,45994,ATM
900331,500457,2025-07-30,Debit,45809,Cash
900332,500665,2026-02-19,Credit,19861,UPI
900333,500038,2026-07-05,Debit,25658,NEFT
900334,500533,2025-10-18,Credit,6183,IMPS
900335,500566,2025-11-16,Debit,49713,NEFT
900336,500024,2025-01-29,Debit,15916,Cash
900337,500433,2026-06-02,Credit,48071,UPI
900338,500382,2025-09-23,Debit,8214,UPI
900339,500667,2025-05-08,Debit,19627,IMPS
900340,500006,2026-04-10,Debit,15572,IMPS
900341,500580,2026-07-01,Credit,23059,Cash
900342,500292,2025-05-24,Debit,34156,NEFT
900343,500108,2025-12-02,Credit,23776,ATM
900344,500101,2025-05-31,Debit,27104,UPI
900345,500095,2025-03-05,Debit,8623,ATM
900346,500220,2026-04-02,Credit,24302,IMPS
900347,500413,2026-06-16,Debit,17381,IMPS
900348,500511,2026-03-10,Debit,45255,ATM
900349,500427,2025-06-16,Credit,33247,NEFT
900350,500497,2026-04-14,Credit,46271,IMPS
900351,500542,2025-05-01,Credit,29947,ATM
900352,500034,2025-06-10,Debit,7883,IMPS
900353,500419,2025-04-23,Credit,24321,IMPS
900354,500297,2025-02-11,Credit,7816,Cash
900355,500313,2026-01-19,Debit,19366,ATM
900356,500029,2025-05-27,Credit,38741,ATM
900357,500050,2025-11-09,Debit,14228,NEFT
900358,500501,2025-01-03,Credit,35983,Cash
900359,500070,2025-02-15,Debit,31634,IMPS
900360,500318,2026-04-09,Debit,24827,ATM
900361,500621,2025-05-16,Credit,33180,ATM
900362,500461,2026-04-05,Credit,47801,Cash
900363,500092,2026-02-24,Debit,15358,ATM
900364,500348,2025-02-16,Debit,48328,Cash
900365,500662,2025-04-01,Credit,46447,UPI
900366,500586,2025-11-13,Credit,42299,IMPS
900367,500088,2025-07-17,Credit,37471,IMPS
900368,500194,2026-05-03,Credit,7982,IMPS
900369,500185,2025-01-20,Debit,13587,NEFT
900370,500594,2026-03-31,Credit,35066,IMPS
900371,500329,2026-02-16,Credit,32309,UPI
900372,500349,2026-03-24,Credit,27293,UPI
900373,500541,2025-11-21,Debit,16954,UPI
900374,500118,2025-04-12,Credit,18800,NEFT
900375,500188,2025-09-19,Credit,10207,Cash
900376,500418,2025-06-23,Credit,40370,Cash
900377,500186,2025-01-28,Credit,19631,ATM
900378,500102,2025-11-24,Credit,27154,Cash
900379,500265,2026-01-20,Credit,3499,NEFT
900380,500246,2025-08-31,Debit,33433,IMPS
900381,500395,2025-04-28,Debit,4073,Cash
900382,500476,2026-02-21,Credit,31830,UPI
900383,500418,2025-08-28,Credit,17739,IMPS
900384,500601,2025-04-14,Credit,36453,NEFT
900385,500312,2026-02-21,Debit,5599,IMPS
900386,500209,2025-05-26,Debit,35518,NEFT
900387,500252,2026-07-05,Debit,36482,ATM
900388,500043,2025-01-02,Debit,40780,Cash
900389,500669,2025-06-21,Credit,4043,ATM
900390,500280,2025-09-14,Debit,23130,NEFT
900391,500600,2026-06-07,Debit,3080,NEFT
900392,500547,2025-03-13,Debit,5979,ATM
900393,500126,2025-05-24,Debit,28409,NEFT
900394,500626,2026-06-01,Debit,44802,Cash
900395,500651,2025-09-25,Debit,17992,NEFT
900396,500679,2025-11-26,Debit,13903,ATM
900397,500614,2025-12-03,Credit,45440,NEFT
900398,500662,2025-01-03,Debit,380,UPI
900399,500689,2025-06-27,Debit,36524,ATM
900400,500403,2025-03-25,Credit,35400,UPI
900401,500688,2026-04-01,Credit,23233,ATM
900402,500616,2026-01-02,Debit,11712,UPI
900403,500128,2026-04-19,Debit,12747,ATM
900404,500010,2025-08-15,Credit,49803,Cash
900405,500697,2026-01-02,Credit,5996,IMPS
900406,500641,2025-11-07,Credit,15452,ATM
900407,500372,2025-02-07,Debit,32398,IMPS
900408,500215,2025-01-08,Credit,41940,ATM
900409,500114,2025-10-12,Debit,11272,IMPS
900410,500199,2025-06-29,Credit,38645,NEFT
900411,500067,2025-05-11,Debit,37449,NEFT
900412,500536,2025-10-08,Credit,44532,UPI
900413,500695,2026-06-30,Debit,44709,IMPS
900414,500465,2025-01-03,Debit,42106,UPI
900415,500331,2026-03-19,Debit,18059,UPI
900416,500697,2026-06-15,Debit,32577,Cash
900417,500530,2025-02-14,Credit,3177,Cash
900418,500431,2026-06-30,Debit,20825,UPI
900419,500402,2025-07-19,Debit,5461,IMPS
900420,500026,2025-08-20,Debit,4978,NEFT
900421,500202,2025-06-18,Debit,20468,UPI
900422,500642,2025-04-10,Credit,31555,ATM
900423,500025,2025-12-09,Debit,16297,UPI
900424,500485,2025-09-02,Debit,3667,Cash
900425,500533,2025-08-31,Credit,39419,IMPS
900426,500450,2025-04-08,Debit,38041,UPI
900427,500088,2025-03-04,Credit,24832,Cash
900428,500067,2025-05-11,Credit,29061,UPI
900429,500309,2026-03-19,Credit,6773,UPI
900430,500573,2025-02-23,Debit,25099,ATM
900431,500099,2026-02-25,Credit,39393,IMPS
900432,500011,2026-04-10,Debit,30522,ATM
900433,500636,2025-04-14,Debit,42758,UPI
900434,500465,2026-06-14,Debit,38622,NEFT
900435,500111,2025-04-16,Credit,39105,UPI
900436,500608,2025-07-18,Credit,41870,IMPS
900437,500263,2025-12-30,Debit,31648,IMPS
900438,500456,2025-07-10,Credit,9122,UPI
900439,500062,2025-05-11,Debit,38407,ATM
900440,500526,2026-01-02,Debit,38351,IMPS
900441,500150,2025-05-31,Debit,20329,IMPS
900442,500352,2025-10-26,Debit,629,IMPS
900443,500601,2025-05-29,Credit,15657,IMPS
900444,500573,2025-02-25,Debit,22632,NEFT
900445,500206,2025-07-26,Credit,22483,NEFT
900446,500684,2026-05-03,Debit,39406,Cash
900447,500593,2025-12-10,Debit,27539,Cash
900448,500167,2025-04-18,Debit,2865,ATM
900449,500225,2025-01-04,Credit,45530,NEFT
900450,500478,2025-08-07,Credit,31606,Cash
900451,500385,2025-07-30,Debit,12174,UPI
900452,500372,2025-01-11,Credit,23554,UPI
900453,500569,2025-04-28,Credit,19143,ATM
900454,500200,2026-01-04,Credit,2045,NEFT
900455,500203,2025-10-18,Credit,14448,Cash
900456,500179,2025-12-14,Credit,11800,NEFT
900457,500023,2025-06-30,Debit,6731,UPI
900458,500694,2025-05-21,Debit,43017,UPI
900459,500347,2025-08-04,Debit,29997,NEFT
900460,500379,2026-01-17,Credit,34632,IMPS
900461,500445,2025-03-08,Credit,9565,NEFT
900462,500195,2025-07-16,Debit,45605,Cash
900463,500326,2026-03-16,Credit,3127,IMPS
900464,500602,2025-07-13,Debit,9836,Cash
900465,500254,2025-02-24,Debit,8387,IMPS
900466,500599,2026-05-16,Credit,47764,UPI
900467,500482,2025-03-08,Credit,33432,ATM
900468,500661,2026-06-06,Debit,32775,IMPS
900469,500476,2025-07-03,Debit,46793,Cash
900470,500539,2026-05-10,Debit,31148,Cash
900471,500596,2026-02-15,Credit,13679,NEFT
900472,500208,2026-04-08,Credit,26045,NEFT
900473,500314,2026-03-12,Debit,37545,NEFT
900474,500384,2025-09-18,Credit,8903,UPI
900475,500303,2026-04-01,Debit,15184,IMPS
900476,500043,2026-04-22,Debit,28025,ATM
900477,500479,2026-03-19,Debit,24185,ATM
900478,500325,2025-10-07,Debit,1719,NEFT
900479,500453,2025-08-28,Debit,42393,UPI
900480,500368,2025-03-26,Debit,32983,IMPS
900481,500560,2025-03-22,Debit,15025,UPI
900482,500122,2025-03-15,Debit,2608,IMPS
900483,500206,2025-12-08,Credit,44343,Cash
900484,500257,2025-11-06,Debit,12593,IMPS
900485,500142,2025-09-25,Credit,19726,Cash
900486,500355,2026-02-18,Debit,38107,UPI
900487,500484,2026-06-09,Credit,26150,NEFT
900488,500233,2025-08-03,Debit,15417,IMPS
900489,500602,2026-04-25,Debit,22425,UPI
900490,500321,2025-07-12,Debit,45840,ATM
900491,500215,2026-03-26,Debit,36698,UPI
900492,500384,2025-05-23,Credit,20125,UPI
900493,500512,2025-12-30,Debit,14877,ATM
900494,500436,2026-02-18,Debit,21469,IMPS
900495,500024,2025-02-02,Credit,10172,Cash
900496,500582,2026-02-05,Debit,13482,ATM
900497,500066,2026-07-02,Debit,12442,ATM
900498,500112,2025-12-03,Debit,41977,Cash
900499,500096,2025-06-25,Credit,44329,IMPS
900500,500182,2025-02-02,Debit,1858,NEFT
900501,500204,2025-03-13,Debit,18700,NEFT
900502,500239,2025-10-26,Credit,29896,UPI
900503,500378,2026-06-15,Credit,11360,Cash
900504,500421,2026-02-05,Credit,7357,NEFT
900505,500550,2026-03-05,Debit,48802,UPI
900506,500399,2025-07-31,Credit,13579,Cash
900507,500443,2026-05-02,Credit,39664,IMPS
900508,500318,2025-07-27,Debit,18151,NEFT
900509,500008,2025-05-27,Debit,4292,ATM
900510,500620,2025-09-10,Debit,37404,ATM
900511,500472,2026-04-19,Credit,48419,UPI
900512,500295,2026-04-13,Debit,45995,Cash
900513,500401,2025-06-29,Debit,16427,NEFT
900514,500633,2026-03-19,Debit,25309,NEFT
900515,500583,2025-04-08,Debit,45886,UPI
900516,500246,2025-06-11,Debit,41262,IMPS
900517,500299,2025-03-10,Credit,32441,ATM
900518,500567,2025-05-05,Debit,5115,UPI
900519,500517,2025-11-30,Debit,29652,NEFT
900520,500259,2025-08-01,Credit,30388,UPI
900521,500075,2026-04-18,Debit,22621,ATM
900522,500200,2026-02-11,Credit,803,Cash
900523,500118,2025-05-20,Debit,44028,ATM
900524,500497,2026-04-18,Credit,5509,IMPS
900525,500673,2025-09-06,Debit,9291,ATM
900526,500286,2025-06-15,Credit,1283,IMPS
900527,500103,2025-07-01,Debit,8236,IMPS
900528,500401,2025-06-22,Credit,44100,UPI
900529,500694,2025-10-07,Credit,28978,Cash
900530,500183,2025-08-10,Credit,44339,IMPS
900531,500222,2026-03-29,Credit,41701,IMPS
900532,500657,2025-04-16,Debit,45342,Cash
900533,500455,2025-02-23,Credit,3289,ATM
900534,500207,2025-09-13,Debit,15732,NEFT
900535,500094,2025-01-17,Debit,1931,UPI
900536,500346,2025-07-16,Credit,14555,UPI
900537,500681,2025-06-21,Credit,2984,ATM
900538,500525,2025-04-21,Debit,21247,IMPS
900539,500642,2025-07-14,Credit,35601,ATM
900540,500439,2025-05-04,Credit,14110,UPI
900541,500366,2025-11-28,Credit,1082,ATM
900542,500670,2025-11-20,Credit,25605,NEFT
900543,500470,2025-08-14,Credit,43220,Cash
900544,500666,2026-01-13,Credit,4512,NEFT
900545,500421,2025-11-05,Debit,6772,IMPS
900546,500583,2025-06-25,Debit,6309,IMPS
900547,500333,2026-02-02,Credit,21861,NEFT
900548,500651,2025-11-22,Debit,4524,Cash
900549,500019,2026-04-05,Debit,33590,NEFT
900550,500516,2025-01-14,Credit,1490,IMPS
900551,500128,2025-11-13,Credit,48459,ATM
900552,500250,2025-03-23,Credit,9114,Cash
900553,500511,2025-10-31,Credit,10039,ATM
900554,500210,2025-02-08,Credit,47633,IMPS
900555,500455,2025-12-03,Credit,18327,Cash
900556,500660,2025-02-10,Debit,42570,Cash
900557,500025,2025-08-23,Debit,22561,NEFT
900558,500211,2025-02-25,Credit,45146,NEFT
900559,500623,2026-01-26,Debit,12128,ATM
900560,500645,2025-01-07,Credit,32320,UPI
900561,500198,2025-02-23,Credit,13483,NEFT
900562,500094,2025-06-27,Credit,15586,IMPS
900563,500081,2026-03-13,Debit,20512,NEFT
900564,500203,2025-09-08,Debit,11662,IMPS
900565,500255,2025-11-07,Debit,37876,ATM
900566,500651,2025-07-26,Debit,31634,UPI
900567,500369,2026-02-12,Debit,11094,ATM
900568,500452,2026-03-09,Debit,49928,NEFT
900569,500494,2025-01-21,Debit,28109,UPI
900570,500308,2026-07-05,Credit,36331,NEFT
900571,500264,2026-01-25,Debit,20144,ATM
900572,500291,2026-01-20,Debit,4814,Cash
900573,500140,2026-04-26,Credit,10240,NEFT
900574,500005,2025-01-14,Debit,32307,ATM
900575,500426,2026-02-09,Debit,25268,ATM
900576,500316,2025-03-14,Debit,2644,UPI
900577,500395,2025-06-16,Credit,28693,Cash
900578,500357,2026-06-06,Debit,41714,Cash
900579,500060,2026-01-30,Debit,48312,NEFT
900580,500249,2026-05-05,Credit,23785,UPI
900581,500682,2025-06-01,Debit,39777,ATM
900582,500698,2025-05-31,Debit,16314,IMPS
900583,500593,2025-06-15,Credit,7750,UPI
900584,500660,2026-01-29,Debit,46372,IMPS
900585,500083,2026-06-15,Credit,27818,NEFT
900586,500438,2025-09-16,Debit,32910,IMPS
900587,500675,2026-01-27,Debit,48199,ATM
900588,500092,2025-04-22,Debit,9452,Cash
900589,500215,2026-02-12,Debit,520,NEFT
900590,500504,2025-01-02,Credit,4677,ATM
900591,500538,2026-03-03,Debit,48140,ATM
900592,500175,2025-06-30,Debit,12315,NEFT
900593,500203,2026-05-14,Credit,33039,UPI
900594,500462,2025-08-06,Credit,13268,UPI
900595,500188,2025-07-16,Debit,26890,ATM
900596,500642,2025-04-22,Credit,5330,Cash
900597,500088,2026-01-22,Credit,18237,UPI
900598,500351,2025-01-31,Credit,31419,ATM
900599,500689,2025-04-14,Credit,4101,Cash
900600,500008,2025-02-12,Credit,13932,IMPS
900601,500008,2026-01-20,Debit,31945,ATM
900602,500346,2026-03-16,Debit,24399,Cash
900603,500323,2025-09-03,Debit,43686,ATM
900604,500388,2025-02-28,Debit,21743,UPI
900605,500004,2026-04-13,Debit,47628,NEFT
900606,500027,2025-05-06,Debit,45927,NEFT
900607,500378,2026-04-08,Debit,33845,ATM
900608,500677,2025-07-12,Credit,41916,Cash
900609,500018,2026-01-04,Credit,48322,Cash
900610,500695,2026-03-31,Credit,39864,ATM
900611,500410,2025-03-25,Debit,28143,ATM
900612,500675,2025-04-13,Debit,19358,IMPS
900613,500200,2025-05-27,Credit,8479,ATM
900614,500090,2025-11-05,Debit,11113,ATM
900615,500119,2026-05-09,Credit,16048,NEFT
900616,500175,2025-04-02,Credit,28601,UPI
900617,500165,2025-12-01,Debit,18473,NEFT
900618,500264,2026-05-03,Credit,43712,NEFT
900619,500548,2026-05-19,Credit,45436,Cash
900620,500230,2025-03-08,Debit,24807,ATM
900621,500670,2026-03-24,Credit,14750,Cash
900622,500119,2025-10-25,Credit,7399,UPI
900623,500349,2025-07-12,Credit,37641,Cash
900624,500131,2025-11-17,Debit,37908,UPI
900625,500319,2025-03-05,Credit,25537,ATM
900626,500328,2026-01-09,Credit,34162,IMPS
900627,500605,2025-08-16,Credit,26007,UPI
900628,500552,2026-04-17,Debit,9583,Cash
900629,500225,2026-05-27,Debit,9761,IMPS
900630,500291,2025-05-30,Credit,39348,Cash
900631,500317,2026-05-30,Credit,18020,IMPS
900632,500490,2025-08-09,Debit,19203,ATM
900633,500061,2025-12-08,Credit,47073,NEFT
900634,500231,2025-02-23,Credit,32049,ATM
900635,500307,2025-06-13,Credit,36009,ATM
900636,500346,2026-03-09,Debit,22926,ATM
900637,500401,2025-03-15,Debit,18605,NEFT
900638,500562,2026-02-08,Credit,8678,Cash
900639,500595,2025-02-25,Debit,30084,NEFT
900640,500592,2025-05-21,Debit,45710,ATM
900641,500299,2025-05-29,Credit,14395,NEFT
900642,500667,2025-01-10,Debit,47676,IMPS
900643,500105,2025-06-01,Debit,28091,NEFT
900644,500058,2025-04-09,Debit,31155,NEFT
900645,500054,2025-05-01,Debit,38988,ATM
900646,500153,2026-02-18,Credit,2327,UPI
900647,500247,2026-02-11,Debit,19937,IMPS
900648,500177,2026-01-20,Credit,30487,ATM
900649,500282,2026-04-01,Debit,860,UPI
900650,500120,2025-03-26,Credit,32161,IMPS
900651,500231,2025-01-24,Debit,18038,UPI
900652,500608,2025-07-05,Debit,31831,ATM
900653,500306,2025-05-09,Credit,21414,UPI
900654,500551,2025-07-09,Debit,46023,UPI
900655,500404,2026-07-04,Debit,4289,IMPS
900656,500599,2025-05-08,Credit,43260,UPI
900657,500186,2025-07-04,Credit,36454,ATM
900658,500322,2025-05-06,Credit,8542,IMPS
900659,500212,2025-06-15,Credit,36963,Cash
900660,500036,2025-03-28,Credit,33270,Cash
900661,500373,2025-06-25,Debit,43233,UPI
900662,500255,2025-11-04,Credit,34142,Cash
900663,500675,2026-07-01,Debit,9265,IMPS
900664,500503,2025-11-17,Debit,39826,IMPS
900665,500523,2025-08-03,Credit,43525,UPI
900666,500243,2025-02-07,Credit,9384,Cash
900667,500221,2025-05-18,Credit,38883,Cash
900668,500285,2025-05-12,Debit,4973,IMPS
900669,500262,2025-09-24,Debit,42683,NEFT
900670,500410,2026-04-13,Credit,16757,ATM
900671,500147,2026-07-03,Credit,4724,Cash
900672,500649,2025-07-17,Debit,37038,IMPS
900673,500620,2025-06-17,Debit,10159,Cash
900674,500445,2026-01-24,Credit,39658,NEFT
900675,500080,2025-10-04,Credit,34930,UPI
900676,500562,2026-02-21,Credit,21684,UPI
900677,500372,2025-12-08,Debit,9689,NEFT
900678,500281,2025-01-11,Credit,24817,NEFT
900679,500388,2025-04-18,Credit,11616,IMPS
900680,500314,2026-05-17,Credit,34765,Cash
900681,500586,2025-10-16,Debit,39910,UPI
900682,500050,2025-06-24,Debit,49374,ATM
900683,500186,2025-12-20,Debit,31351,IMPS
900684,500131,2025-09-23,Credit,45100,IMPS
900685,500160,2025-05-10,Credit,24925,IMPS
900686,500274,2025-02-24,Debit,46466,NEFT
900687,500695,2026-03-05,Debit,12099,ATM
900688,500363,2026-04-25,Debit,18176,ATM
900689,500534,2025-08-23,Debit,41756,UPI
900690,500313,2026-02-21,Debit,6007,UPI
900691,500079,2025-09-03,Credit,10920,IMPS
900692,500059,2025-03-28,Debit,36417,ATM
900693,500011,2026-03-11,Credit,31534,ATM
900694,500528,2026-06-30,Credit,26672,UPI
900695,500632,2025-07-14,Credit,46903,ATM
900696,500548,2025-12-20,Credit,48529,IMPS
900697,500624,2025-02-13,Debit,11144,IMPS
900698,500231,2025-06-29,Credit,24155,NEFT
900699,500527,2025-12-28,Credit,27803,ATM
900700,500389,2025-06-24,Debit,7520,Cash
900701,500696,2025-09-13,Credit,19109,Cash
900702,500495,2025-10-28,Debit,14063,UPI
900703,500647,2026-02-08,Credit,20076,IMPS
900704,500037,2026-04-20,Debit,3868,Cash
900705,500007,2026-04-17,Debit,19652,Cash
900706,500110,2025-01-06,Debit,47445,NEFT
900707,500412,2025-12-30,Credit,6741,ATM
900708,500504,2025-07-22,Credit,34774,IMPS
900709,500158,2026-02-25,Credit,32043,UPI
900710,500160,2025-09-14,Credit,30947,ATM
900711,500384,2025-11-03,Debit,28171,NEFT
900712,500550,2025-10-03,Credit,28842,ATM
900713,500166,2025-05-24,Debit,49061,ATM
900714,500006,2026-01-03,Credit,7352,NEFT
900715,500292,2025-02-11,Credit,25956,ATM
900716,500340,2025-02-02,Credit,43760,NEFT
900717,500491,2025-09-30,Credit,27696,ATM
900718,500564,2026-05-23,Credit,21391,ATM
900719,500514,2026-02-03,Credit,7291,UPI
900720,500022,2025-05-10,Credit,22652,IMPS
900721,500014,2025-08-31,Credit,44553,Cash
900722,500440,2025-01-09,Debit,31569,Cash
900723,500289,2026-05-13,Credit,49966,ATM
900724,500254,2025-06-06,Credit,16449,Cash
900725,500118,2025-09-27,Credit,43768,ATM
900726,500204,2026-05-01,Credit,46050,IMPS
900727,500626,2025-07-05,Credit,38844,NEFT
900728,500235,2025-05-04,Credit,26398,UPI
900729,500281,2025-07-16,Credit,28038,UPI
900730,500632,2025-07-24,Credit,3439,ATM
900731,500418,2026-06-22,Debit,45985,NEFT
900732,500228,2025-12-11,Debit,31504,UPI
900733,500523,2026-03-14,Credit,20041,UPI
900734,500276,2026-01-08,Debit,23104,ATM
900735,500253,2025-11-24,Credit,12011,UPI
900736,500001,2025-02-23,Debit,13992,Cash
900737,500484,2025-10-14,Credit,28339,NEFT
900738,500259,2026-05-19,Debit,22007,Cash
900739,500115,2025-04-10,Credit,44858,IMPS
900740,500134,2025-12-06,Debit,48681,Cash
900741,500604,2026-06-26,Debit,15714,Cash
900742,500216,2026-01-29,Credit,7070,NEFT
900743,500645,2025-05-04,Credit,38540,NEFT
900744,500198,2026-04-02,Credit,5007,IMPS
900745,500634,2025-12-18,Debit,47636,ATM
900746,500207,2026-07-01,Credit,2971,NEFT
900747,500197,2026-03-05,Debit,49865,IMPS
900748,500356,2026-01-10,Debit,41378,UPI
900749,500447,2025-03-11,Debit,27559,IMPS
900750,500516,2025-01-23,Credit,39366,Cash
900751,500133,2025-10-24,Credit,37204,UPI
900752,500195,2026-02-12,Debit,44972,IMPS
900753,500526,2025-03-18,Credit,28788,IMPS
900754,500394,2026-02-04,Debit,39894,Cash
900755,500212,2025-07-08,Credit,10585,IMPS
900756,500224,2025-01-10,Debit,33118,IMPS
900757,500266,2025-11-07,Credit,19522,Cash
900758,500566,2025-05-02,Credit,14775,UPI
900759,500547,2025-09-01,Debit,2661,NEFT
900760,500285,2025-05-17,Debit,3476,NEFT
900761,500216,2026-07-02,Credit,191,Cash
900762,500648,2026-01-13,Debit,5555,IMPS
900763,500271,2025-05-17,Debit,40174,Cash
900764,500333,2025-02-28,Credit,23396,NEFT
900765,500287,2025-06-30,Debit,1124,IMPS
900766,500674,2025-04-19,Debit,42949,Cash
900767,500642,2025-07-31,Debit,14559,Cash
900768,500276,2025-07-28,Debit,10300,ATM
900769,500238,2026-03-21,Debit,9821,ATM
900770,500096,2026-05-23,Credit,30206,NEFT
900771,500181,2025-07-13,Debit,47907,NEFT
900772,500664,2025-10-16,Credit,20426,NEFT
900773,500182,2026-02-08,Credit,4651,NEFT
900774,500074,2026-03-13,Credit,29920,ATM
900775,500103,2026-06-24,Credit,47729,UPI
900776,500618,2025-04-13,Debit,25265,UPI
900777,500113,2025-01-14,Credit,8762,NEFT
900778,500086,2025-10-02,Credit,41216,IMPS
900779,500014,2025-01-10,Credit,35644,Cash
900780,500088,2025-07-27,Credit,31585,IMPS
900781,500455,2025-06-17,Debit,21841,ATM
900782,500159,2025-09-07,Credit,35720,Cash
900783,500643,2025-05-07,Credit,3018,UPI
900784,500558,2025-10-31,Credit,33624,ATM
900785,500146,2025-01-02,Credit,1672,NEFT
900786,500438,2026-01-30,Credit,23254,Cash
900787,500232,2026-01-29,Credit,32331,NEFT
900788,500113,2025-08-18,Credit,18568,Cash
900789,500079,2025-12-08,Credit,23725,UPI
900790,500045,2025-06-04,Credit,28190,IMPS
900791,500343,2025-07-05,Debit,9944,Cash
900792,500640,2025-10-21,Debit,6910,Cash
900793,500512,2026-01-13,Debit,46716,UPI
900794,500003,2025-06-02,Credit,21088,NEFT
900795,500400,2026-04-03,Debit,4511,UPI
900796,500592,2026-03-14,Debit,9580,UPI
900797,500331,2025-05-11,Credit,25332,Cash
900798,500327,2026-05-22,Debit,31641,ATM
900799,500617,2025-12-08,Credit,42957,NEFT
900800,500393,2026-03-05,Debit,35407,IMPS
900801,500505,2026-06-30,Credit,25306,UPI
900802,500595,2026-03-08,Credit,46177,UPI
900803,500241,2026-01-06,Credit,13422,UPI
900804,500372,2026-05-01,Credit,7319,UPI
900805,500358,2026-01-05,Credit,19413,ATM
900806,500148,2026-03-08,Credit,13910,NEFT
900807,500058,2025-05-22,Credit,45698,NEFT
900808,500387,2025-01-27,Debit,24458,UPI
900809,500109,2025-03-17,Debit,39023,NEFT
900810,500031,2025-05-31,Debit,9358,UPI
900811,500251,2025-03-20,Credit,37401,ATM
900812,500154,2025-07-06,Debit,48829,NEFT
900813,500541,2025-11-03,Debit,27069,Cash
900814,500455,2025-01-14,Debit,7391,NEFT
900815,500062,2025-02-02,Credit,33083,NEFT
900816,500012,2026-02-10,Debit,44658,ATM
900817,500568,2025-09-22,Debit,46588,NEFT
900818,500434,2025-06-10,Debit,6125,IMPS
900819,500387,2025-05-09,Credit,26340,IMPS
900820,500058,2025-08-13,Debit,12138,IMPS
900821,500620,2025-03-21,Debit,31387,Cash
900822,500669,2026-02-19,Debit,10901,UPI
900823,500381,2026-03-11,Credit,17789,UPI
900824,500107,2025-03-21,Debit,39630,Cash
900825,500029,2025-09-03,Debit,10766,IMPS
900826,500110,2025-03-08,Credit,39232,UPI
900827,500317,2025-07-12,Credit,41937,UPI
900828,500247,2025-10-03,Credit,37463,IMPS
900829,500046,2026-05-11,Credit,3248,Cash
900830,500096,2025-11-13,Credit,23473,Cash
900831,500408,2026-05-28,Credit,20709,ATM
900832,500365,2025-05-13,Credit,21813,ATM
900833,500516,2025-04-14,Credit,1652,IMPS
900834,500392,2026-05-04,Credit,19113,NEFT
900835,500156,2026-04-20,Credit,41122,UPI
900836,500238,2025-08-09,Credit,47191,NEFT
900837,500514,2026-06-13,Debit,29426,NEFT
900838,500348,2025-10-25,Debit,40959,ATM
900839,500041,2026-02-01,Credit,13785,IMPS
900840,500622,2025-03-18,Credit,37252,ATM
900841,500100,2025-01-16,Credit,20386,IMPS
900842,500090,2026-05-26,Credit,29906,Cash
900843,500174,2025-10-30,Credit,4567,Cash
900844,500591,2026-01-08,Debit,5947,UPI
900845,500184,2026-04-17,Debit,31115,Cash
900846,500453,2025-05-24,Credit,37372,ATM
900847,500041,2026-01-08,Debit,26375,ATM
900848,500635,2025-05-13,Debit,24134,IMPS
900849,500640,2025-11-18,Debit,5571,ATM
900850,500519,2026-04-06,Debit,44831,UPI
900851,500636,2025-02-28,Credit,45958,IMPS
900852,500009,2025-06-08,Credit,19148,ATM
900853,500163,2026-02-13,Credit,14717,ATM
900854,500474,2025-04-06,Debit,30631,ATM
900855,500658,2026-07-02,Debit,7251,UPI
900856,500185,2025-04-21,Debit,28484,NEFT
900857,500412,2025-12-03,Credit,20893,Cash
900858,500619,2026-05-13,Credit,46125,ATM
900859,500118,2025-10-13,Debit,2608,IMPS
900860,500160,2026-04-27,Credit,42057,NEFT
900861,500328,2025-02-02,Debit,4189,Cash
900862,500441,2026-04-30,Credit,3644,NEFT
900863,500024,2026-03-10,Debit,16619,NEFT
900864,500086,2025-05-26,Credit,18050,ATM
900865,500084,2025-11-02,Debit,27606,IMPS
900866,500220,2025-09-23,Credit,3622,UPI
900867,500439,2025-12-17,Debit,10882,NEFT
900868,500358,2026-03-06,Debit,31262,IMPS
900869,500165,2026-03-24,Debit,45509,IMPS
900870,500399,2025-01-11,Credit,5199,IMPS
900871,500632,2025-05-29,Debit,43620,Cash
900872,500015,2025-06-04,Debit,9765,ATM
900873,500325,2025-04-27,Debit,17323,IMPS
900874,500004,2026-04-07,Credit,41669,ATM
900875,500655,2025-04-10,Credit,14427,NEFT
900876,500431,2025-06-20,Debit,14264,Cash
900877,500215,2025-07-15,Credit,24365,Cash
900878,500017,2025-11-06,Debit,33004,UPI
900879,500512,2026-04-12,Debit,26995,Cash
900880,500361,2026-03-13,Debit,7530,NEFT
900881,500470,2026-03-15,Debit,11693,IMPS
900882,500610,2025-06-16,Debit,25106,Cash
900883,500676,2026-03-24,Debit,46112,IMPS
900884,500102,2025-03-31,Credit,5974,UPI
900885,500632,2026-02-26,Credit,32632,IMPS
900886,500558,2025-04-13,Debit,33088,IMPS
900887,500034,2025-10-24,Debit,13985,NEFT
900888,500466,2026-01-26,Credit,12916,ATM
900889,500128,2025-12-26,Debit,27162,ATM
900890,500008,2026-01-19,Credit,33363,Cash
900891,500275,2025-09-28,Debit,27278,NEFT
900892,500005,2026-03-01,Credit,1117,UPI
900893,500158,2026-01-19,Debit,22060,NEFT
900894,500586,2026-03-17,Credit,36520,ATM
900895,500198,2026-02-07,Credit,37970,ATM
900896,500132,2026-02-04,Credit,26518,Cash
900897,500530,2025-06-12,Debit,15236,UPI
900898,500130,2026-06-01,Credit,41482,IMPS
900899,500402,2025-09-24,Credit,21229,NEFT
900900,500096,2025-04-06,Credit,28766,UPI
900901,500644,2025-06-06,Credit,40607,IMPS
900902,500081,2026-01-27,Credit,48749,NEFT
900903,500465,2026-01-02,Credit,15810,NEFT
900904,500305,2025-07-18,Credit,47699,ATM
900905,500267,2025-02-22,Debit,5537,NEFT
900906,500643,2025-01-24,Credit,7370,ATM
900907,500611,2025-05-06,Credit,9395,Cash
900908,500269,2025-07-04,Credit,5171,ATM
900909,500371,2025-08-01,Debit,6697,ATM
900910,500023,2026-02-28,Credit,31984,UPI
900911,500216,2026-03-06,Debit,20651,ATM
900912,500165,2025-07-04,Debit,764,NEFT
900913,500676,2025-02-02,Credit,22566,Cash
900914,500496,2025-01-06,Credit,34293,Cash
900915,500125,2025-07-17,Credit,35224,UPI
900916,500531,2026-06-09,Credit,14275,Cash
900917,500118,2025-08-11,Credit,21565,NEFT
900918,500226,2025-03-27,Credit,17636,Cash
900919,500494,2025-07-24,Credit,22942,IMPS
900920,500668,2025-10-29,Debit,48937,ATM
900921,500447,2026-06-09,Debit,12752,Cash
900922,500178,2025-07-22,Debit,25844,UPI
900923,500598,2025-11-16,Credit,13589,ATM
900924,500444,2026-04-02,Debit,39181,Cash
900925,500327,2025-04-21,Debit,28235,NEFT
900926,500581,2025-12-28,Debit,41564,UPI
900927,500461,2025-06-21,Credit,33612,Cash
900928,500601,2026-02-24,Debit,39676,IMPS
900929,500361,2026-02-12,Credit,7613,NEFT
900930,500331,2026-03-16,Credit,23545,NEFT
900931,500075,2025-08-09,Debit,24477,NEFT
900932,500322,2025-05-06,Credit,20979,UPI
900933,500337,2025-08-07,Debit,37289,Cash
900934,500239,2025-03-09,Debit,18686,IMPS
900935,500218,2026-06-24,Credit,6844,IMPS
900936,500285,2025-03-18,Debit,44804,ATM
900937,500326,2025-11-24,Credit,13018,UPI
900938,500506,2026-05-26,Credit,18084,ATM
900939,500123,2025-05-08,Debit,11315,IMPS
900940,500335,2026-01-28,Credit,37875,UPI
900941,500292,2025-01-19,Credit,30362,Cash
900942,500135,2026-02-17,Credit,35061,IMPS
900943,500041,2025-12-12,Credit,4651,ATM
900944,500098,2026-03-02,Debit,18101,Cash
900945,500355,2026-02-14,Credit,36567,Cash
900946,500506,2025-02-18,Debit,19658,ATM
900947,500506,2025-05-05,Debit,40599,UPI
900948,500030,2025-08-18,Credit,781,NEFT
900949,500108,2025-11-27,Debit,14933,NEFT
900950,500091,2025-07-15,Debit,35329,UPI
900951,500054,2025-09-23,Credit,7361,UPI
900952,500312,2025-03-18,Debit,21682,IMPS
900953,500389,2025-10-04,Credit,9128,IMPS
900954,500472,2025-05-03,Credit,21027,NEFT
900955,500599,2026-02-28,Debit,43893,UPI
900956,500535,2026-06-25,Credit,37972,ATM
900957,500678,2026-05-17,Debit,21196,ATM
900958,500232,2025-04-05,Debit,19514,UPI
900959,500362,2025-09-06,Credit,45645,UPI
900960,500077,2026-05-22,Credit,14024,UPI
900961,500687,2025-08-10,Debit,25335,NEFT
900962,500500,2025-04-18,Debit,13774,IMPS
900963,500541,2026-06-11,Debit,49939,Cash
900964,500465,2025-06-07,Credit,8623,NEFT
900965,500373,2026-01-30,Debit,40763,IMPS
900966,500208,2026-02-14,Credit,4598,Cash
900967,500434,2025-06-18,Debit,37930,UPI
900968,500151,2026-04-18,Credit,48926,UPI
900969,500247,2025-01-17,Debit,12357,Cash
900970,500030,2026-05-03,Debit,23165,Cash
900971,500122,2025-03-28,Debit,28377,NEFT
900972,500155,2026-02-11,Debit,33387,Cash
900973,500055,2026-03-28,Debit,24333,UPI
900974,500051,2026-01-27,Debit,12809,Cash
900975,500194,2026-02-17,Credit,39031,Cash
900976,500543,2026-05-21,Debit,7255,UPI
900977,500662,2025-09-12,Credit,14490,UPI
900978,500055,2025-02-06,Debit,15747,UPI
900979,500545,2025-04-14,Debit,14941,IMPS
900980,500415,2026-02-06,Debit,6739,NEFT
900981,500275,2026-05-23,Credit,11308,NEFT
900982,500356,2025-10-22,Debit,48195,UPI
900983,500097,2025-07-09,Debit,48537,Cash
900984,500245,2025-06-24,Debit,44759,UPI
900985,500171,2025-07-11,Debit,29933,NEFT
900986,500014,2026-05-01,Debit,21992,UPI
900987,500182,2025-09-28,Credit,11288,UPI
900988,500609,2025-12-27,Debit,38317,UPI
900989,500501,2025-09-11,Debit,7268,UPI
900990,500018,2025-10-25,Credit,34524,IMPS
900991,500172,2025-05-31,Credit,6653,Cash
900992,500344,2026-04-09,Debit,48256,Cash
900993,500559,2025-09-21,Debit,16715,Cash
900994,500470,2025-01-14,Debit,19835,Cash
900995,500531,2026-05-11,Credit,17790,IMPS
900996,500656,2025-01-22,Credit,26990,NEFT
900997,500676,2025-05-26,Debit,32725,UPI
900998,500251,2026-03-18,Debit,13620,UPI
900999,500199,2026-01-22,Credit,18051,IMPS
901000,500461,2026-06-24,Credit,17487,Cash
901001,500340,2026-02-05,Debit,18204,Cash
901002,500196,2025-02-12,Debit,40232,UPI
901003,500444,2026-04-11,Debit,19001,UPI
901004,500009,2026-05-26,Credit,30660,NEFT
901005,500536,2025-10-24,Credit,19999,ATM
901006,500296,2025-03-08,Debit,1121,ATM
901007,500042,2025-08-11,Debit,38967,UPI
901008,500055,2026-05-16,Debit,433,ATM
901009,500361,2025-01-01,Credit,16577,NEFT
901010,500359,2025-10-18,Credit,5736,Cash
901011,500147,2025-07-21,Debit,38453,UPI
901012,500298,2025-08-13,Credit,31110,Cash
901013,500255,2026-01-31,Debit,26256,UPI
901014,500268,2025-11-06,Debit,11457,IMPS
901015,500447,2025-11-27,Credit,44882,NEFT
901016,500257,2025-05-19,Debit,36425,NEFT
901017,500309,2025-11-09,Credit,19586,IMPS
901018,500644,2026-04-18,Credit,24739,ATM
901019,500099,2025-05-22,Debit,45590,Cash
901020,500516,2026-01-02,Debit,23312,ATM
901021,500478,2026-03-07,Debit,30330,UPI
901022,500573,2025-01-28,Debit,5895,NEFT
901023,500630,2025-11-06,Credit,38132,IMPS
901024,500383,2025-05-11,Debit,3608,ATM
901025,500129,2026-02-17,Credit,30430,IMPS
901026,500472,2025-02-25,Credit,3684,Cash
901027,500666,2025-04-20,Debit,39050,UPI
901028,500298,2026-05-09,Debit,4088,UPI
901029,500599,2026-06-08,Credit,46078,NEFT
901030,500529,2025-05-28,Debit,9039,NEFT
901031,500692,2025-06-08,Debit,41272,Cash
901032,500007,2026-05-12,Credit,7617,UPI
901033,500001,2025-06-06,Credit,34167,UPI
901034,500254,2025-07-29,Credit,31147,UPI
901035,500518,2026-03-31,Debit,3747,UPI
901036,500308,2026-02-19,Debit,12161,NEFT
901037,500560,2025-09-24,Debit,43233,IMPS
901038,500127,2026-03-19,Credit,41793,UPI
901039,500190,2025-05-26,Credit,11291,IMPS
901040,500560,2025-07-25,Debit,31587,Cash
901041,500297,2025-04-13,Debit,24173,Cash
901042,500401,2026-01-31,Credit,30506,ATM
901043,500436,2025-06-01,Credit,18674,ATM
901044,500124,2026-02-03,Credit,38146,Cash
901045,500035,2026-04-01,Credit,23347,NEFT
901046,500480,2026-04-15,Debit,697,NEFT
901047,500367,2026-05-28,Credit,22961,IMPS
901048,500400,2026-06-10,Credit,11535,NEFT
901049,500361,2025-12-14,Debit,46970,NEFT
901050,500286,2025-11-07,Debit,4570,ATM
901051,500386,2026-04-29,Credit,37851,IMPS
901052,500675,2026-06-23,Debit,8581,Cash
901053,500603,2025-12-23,Debit,4528,UPI
901054,500031,2025-06-12,Credit,6426,UPI
901055,500512,2026-05-03,Debit,49901,NEFT
901056,500243,2025-04-18,Credit,47820,ATM
901057,500431,2025-03-07,Credit,40201,Cash
901058,500118,2025-02-08,Credit,29036,Cash
901059,500622,2025-01-31,Credit,21147,UPI
901060,500461,2026-01-22,Credit,41872,IMPS
901061,500570,2025-07-24,Credit,16647,ATM
901062,500449,2025-10-20,Credit,13285,NEFT
901063,500445,2026-06-26,Credit,5737,IMPS
901064,500025,2025-04-09,Credit,2278,NEFT
901065,500006,2026-01-04,Debit,37343,IMPS
901066,500074,2025-12-15,Credit,44819,IMPS
901067,500509,2025-07-14,Credit,37479,ATM
901068,500513,2025-12-27,Debit,40632,IMPS
901069,500142,2025-03-10,Debit,28117,ATM
901070,500073,2025-03-22,Credit,33998,Cash
901071,500104,2025-05-01,Debit,15210,UPI
901072,500616,2025-12-05,Credit,14781,Cash
901073,500258,2026-02-04,Debit,4553,NEFT
901074,500295,2025-03-18,Credit,34031,IMPS
901075,500513,2025-11-16,Debit,40643,UPI
901076,500560,2025-04-24,Debit,17339,UPI
901077,500034,2025-12-13,Debit,17197,NEFT
901078,500343,2025-03-02,Credit,13484,IMPS
901079,500338,2025-03-05,Credit,32445,UPI
901080,500578,2025-02-06,Debit,4737,ATM
901081,500613,2025-03-24,Debit,8584,Cash
901082,500043,2025-04-17,Credit,32644,IMPS
901083,500231,2025-12-25,Debit,31399,Cash
901084,500234,2025-01-22,Credit,1827,NEFT
901085,500548,2026-01-24,Credit,36308,ATM
901086,500054,2026-02-01,Debit,45676,NEFT
901087,500441,2026-03-14,Credit,7674,ATM
901088,500121,2026-01-12,Debit,12790,Cash
901089,500448,2025-03-01,Credit,15306,UPI
901090,500603,2025-01-11,Credit,27170,IMPS
901091,500582,2025-02-16,Credit,47274,NEFT
901092,500059,2025-03-20,Credit,8404,ATM
901093,500185,2025-10-17,Credit,20686,Cash
901094,500617,2025-09-08,Debit,8601,IMPS
901095,500408,2026-05-06,Credit,43130,UPI
901096,500079,2025-09-14,Credit,32535,Cash
901097,500226,2026-03-31,Debit,24147,IMPS
901098,500300,2025-09-08,Debit,20996,IMPS
901099,500516,2025-04-17,Credit,22817,ATM
901100,500637,2026-05-13,Debit,5241,NEFT
901101,500141,2026-06-18,Credit,20084,IMPS
901102,500216,2025-05-06,Debit,47607,NEFT
901103,500037,2025-08-29,Debit,42692,ATM
901104,500117,2025-01-22,Debit,2312,Cash
901105,500285,2026-01-29,Debit,5637,UPI
901106,500286,2026-01-29,Debit,1335,ATM
901107,500394,2026-03-31,Credit,14809,NEFT
901108,500389,2025-07-08,Debit,34997,UPI
901109,500677,2025-11-09,Credit,35590,Cash
901110,500027,2025-12-11,Debit,49469,IMPS
901111,500222,2025-01-29,Debit,47665,IMPS
901112,500445,2026-03-14,Credit,7257,IMPS
901113,500398,2025-10-22,Debit,27876,IMPS
901114,500582,2026-06-16,Debit,10752,ATM
901115,500479,2025-09-01,Credit,1095,Cash
901116,500699,2025-10-08,Credit,16479,IMPS
901117,500303,2025-12-12,Debit,2630,IMPS
901118,500281,2026-01-06,Debit,43303,Cash
901119,500669,2025-01-13,Credit,20212,IMPS
901120,500677,2025-11-25,Debit,11816,ATM
901121,500474,2025-01-18,Debit,681,ATM
901122,500038,2026-01-03,Debit,41895,IMPS
901123,500224,2026-02-23,Credit,38082,UPI
901124,500284,2025-11-18,Credit,28964,NEFT
901125,500265,2025-10-10,Debit,32535,NEFT
901126,500233,2025-06-28,Credit,40597,UPI
901127,500239,2025-04-28,Credit,12175,IMPS
901128,500451,2025-11-21,Credit,36368,NEFT
901129,500063,2025-09-23,Debit,1156,Cash
901130,500554,2025-02-15,Credit,23019,UPI
901131,500080,2026-06-04,Debit,7517,IMPS
901132,500080,2025-08-31,Credit,21450,IMPS
901133,500381,2026-03-02,Credit,42166,ATM
901134,500290,2025-05-27,Credit,21500,IMPS
901135,500369,2025-12-10,Debit,42828,Cash
901136,500482,2025-10-29,Credit,10606,Cash
901137,500046,2025-10-25,Credit,38846,UPI
901138,500109,2025-08-05,Debit,33575,IMPS
901139,500596,2025-12-19,Credit,24927,IMPS
901140,500034,2025-06-03,Debit,42646,UPI
901141,500080,2025-08-18,Debit,35421,UPI
901142,500541,2025-02-22,Debit,43301,IMPS
901143,500533,2026-03-28,Debit,17741,NEFT
901144,500590,2025-10-28,Credit,21640,NEFT
901145,500371,2025-08-25,Debit,20731,UPI
901146,500247,2026-04-01,Debit,23816,UPI
901147,500361,2026-06-02,Credit,23843,ATM
901148,500620,2025-08-24,Debit,27549,NEFT
901149,500584,2025-05-09,Credit,26813,IMPS
901150,500682,2025-05-22,Debit,18901,Cash
901151,500322,2025-05-01,Credit,26871,ATM
901152,500518,2025-06-01,Debit,41560,NEFT
901153,500185,2026-04-10,Credit,11029,UPI
901154,500429,2025-09-27,Debit,48783,UPI
901155,500130,2025-02-04,Debit,1668,NEFT
901156,500075,2025-05-16,Debit,27779,Cash
901157,500131,2026-02-16,Credit,46760,Cash
901158,500122,2025-12-11,Debit,38863,IMPS
901159,500632,2025-04-21,Credit,4933,Cash
901160,500460,2026-02-23,Debit,48642,ATM
901161,500297,2026-05-04,Credit,48166,NEFT
901162,500604,2026-06-06,Credit,10078,UPI
901163,500608,2026-01-14,Debit,24962,Cash
901164,500450,2025-06-30,Debit,6450,NEFT
901165,500305,2026-05-21,Debit,3264,IMPS
901166,500531,2026-06-22,Debit,18794,Cash
901167,500394,2025-11-23,Credit,9484,UPI
901168,500216,2026-03-17,Debit,37792,IMPS
901169,500322,2025-04-12,Debit,18764,NEFT
901170,500122,2025-10-22,Debit,31992,ATM
901171,500230,2025-06-23,Debit,17101,IMPS
901172,500109,2025-08-26,Debit,9340,UPI
901173,500212,2026-06-05,Credit,1892,IMPS
901174,500041,2026-07-05,Credit,536,ATM
901175,500027,2026-01-14,Credit,18570,IMPS
901176,500437,2026-04-01,Credit,29843,Cash
901177,500113,2025-05-03,Debit,28428,ATM
901178,500270,2025-03-30,Credit,18348,UPI
901179,500363,2025-03-22,Credit,47768,UPI
901180,500335,2025-06-10,Debit,18195,ATM
901181,500646,2026-06-10,Credit,46421,Cash
901182,500040,2026-03-20,Credit,46309,IMPS
901183,500326,2025-07-14,Credit,41682,UPI
901184,500252,2025-05-21,Debit,14531,NEFT
901185,500272,2026-04-27,Credit,31852,NEFT
901186,500509,2025-10-17,Credit,13113,UPI
901187,500529,2025-08-08,Credit,28563,UPI
901188,500503,2025-08-02,Credit,2643,ATM
901189,500270,2026-01-25,Credit,41893,Cash
901190,500496,2026-06-28,Credit,19767,NEFT
901191,500300,2026-05-12,Debit,41389,ATM
901192,500613,2026-01-01,Debit,19460,UPI
901193,500225,2025-04-26,Debit,27598,ATM
901194,500334,2025-09-11,Debit,7690,NEFT
901195,500476,2025-11-23,Credit,22878,ATM
901196,500132,2026-05-11,Debit,39490,ATM
901197,500241,2025-01-30,Debit,17658,IMPS
901198,500221,2026-02-23,Credit,36948,Cash
901199,500268,2025-11-22,Debit,25749,ATM
901200,500436,2026-02-13,Debit,3680,Cash
901201,500498,2025-08-13,Debit,41798,UPI
901202,500316,2026-04-04,Debit,14603,IMPS
901203,500171,2026-07-03,Credit,41078,UPI
901204,500629,2025-12-04,Credit,39746,IMPS
901205,500021,2025-01-22,Debit,6014,Cash
901206,500362,2025-03-06,Credit,34090,NEFT
901207,500371,2026-07-03,Credit,10388,IMPS
901208,500406,2025-08-23,Debit,10677,Cash
901209,500340,2026-02-28,Credit,36338,NEFT
901210,500014,2025-02-06,Credit,49587,IMPS
901211,500105,2026-05-29,Debit,31878,UPI
901212,500161,2025-10-17,Debit,1688,NEFT
901213,500647,2025-09-11,Credit,17955,UPI
901214,500387,2026-02-15,Credit,48631,Cash
901215,500087,2025-03-20,Credit,33163,ATM
901216,500021,2025-01-16,Credit,6362,IMPS
901217,500401,2025-07-18,Debit,21315,ATM
901218,500525,2025-01-24,Debit,18060,ATM
901219,500208,2025-04-13,Debit,43094,IMPS
901220,500483,2026-01-21,Debit,28249,UPI
901221,500228,2026-02-21,Debit,31776,Cash
901222,500547,2026-06-03,Credit,25161,UPI
901223,500509,2026-02-08,Debit,35920,UPI
901224,500464,2025-08-18,Credit,26140,NEFT
901225,500458,2026-01-14,Debit,37006,UPI
901226,500659,2025-11-15,Debit,9522,UPI
901227,500098,2025-06-23,Credit,32200,IMPS
901228,500256,2025-03-27,Credit,26523,IMPS
901229,500485,2026-06-20,Credit,3962,ATM
901230,500259,2026-02-26,Debit,48630,Cash
901231,500155,2025-02-07,Debit,45254,IMPS
901232,500614,2026-02-21,Credit,17673,NEFT
901233,500576,2026-05-16,Debit,20613,NEFT
901234,500330,2026-04-18,Debit,33813,IMPS
901235,500084,2025-04-18,Debit,45926,UPI
901236,500385,2025-05-11,Credit,10722,IMPS
901237,500125,2025-06-20,Credit,28778,UPI
901238,500040,2026-03-11,Debit,11288,IMPS
901239,500499,2025-05-24,Debit,26275,UPI
901240,500304,2025-05-01,Debit,19382,Cash
901241,500536,2025-11-27,Debit,37049,NEFT
901242,500145,2025-10-25,Credit,40339,Cash
901243,500532,2025-09-15,Debit,30435,NEFT
901244,500339,2025-05-19,Credit,34465,ATM
901245,500011,2025-11-22,Debit,11845,NEFT
901246,500482,2025-03-10,Credit,20536,NEFT
901247,500205,2025-04-07,Debit,21794,UPI
901248,500063,2026-04-25,Credit,4475,Cash
901249,500652,2025-08-20,Debit,41310,UPI
901250,500198,2025-10-09,Debit,28029,IMPS
901251,500314,2026-01-12,Debit,16795,IMPS
901252,500555,2025-07-27,Credit,38939,NEFT
901253,500106,2025-08-10,Debit,11786,Cash
901254,500578,2025-04-15,Credit,34330,IMPS
901255,500661,2026-01-28,Debit,37826,IMPS
901256,500620,2025-10-11,Debit,13817,NEFT
901257,500003,2025-08-26,Credit,6085,IMPS
901258,500151,2025-05-27,Credit,31260,UPI
901259,500332,2025-03-21,Credit,9076,IMPS
901260,500451,2026-03-12,Debit,21536,Cash
901261,500513,2025-05-01,Credit,36809,ATM
901262,500387,2026-01-30,Debit,23364,Cash
901263,500535,2025-11-21,Credit,39774,NEFT
901264,500171,2025-10-12,Credit,28755,IMPS
901265,500453,2026-05-17,Debit,45016,UPI
901266,500572,2026-03-22,Debit,11766,UPI
901267,500375,2026-04-23,Debit,47842,ATM
901268,500219,2025-07-15,Debit,24623,NEFT
901269,500011,2025-07-20,Debit,23757,IMPS
901270,500200,2025-01-06,Debit,21625,UPI
901271,500378,2025-09-17,Credit,39865,Cash
901272,500035,2025-10-09,Debit,26202,UPI
901273,500260,2025-10-08,Credit,37598,UPI
901274,500483,2026-04-11,Debit,11488,ATM
901275,500664,2025-04-17,Credit,24317,UPI
901276,500628,2025-06-06,Credit,8727,UPI
901277,500430,2025-05-03,Credit,29157,UPI
901278,500322,2025-04-10,Debit,12825,IMPS
901279,500018,2025-12-07,Debit,46585,NEFT
901280,500601,2026-01-11,Credit,43648,ATM
901281,500427,2025-03-04,Credit,12744,IMPS
901282,500152,2025-10-01,Credit,11410,ATM
901283,500046,2025-10-10,Credit,45235,IMPS
901284,500420,2025-06-27,Credit,20492,Cash
901285,500575,2025-12-26,Credit,22477,ATM
901286,500582,2025-03-30,Debit,5877,UPI
901287,500093,2025-07-06,Credit,12267,Cash
901288,500606,2025-01-21,Credit,784,NEFT
901289,500654,2026-01-19,Debit,5426,NEFT
901290,500316,2025-07-15,Credit,20448,UPI
901291,500389,2025-10-21,Credit,18382,NEFT
901292,500579,2025-11-20,Debit,14908,NEFT
901293,500280,2025-07-24,Credit,19428,Cash
901294,500451,2025-09-28,Credit,32205,Cash
901295,500593,2026-01-08,Debit,42162,IMPS
901296,500461,2025-06-24,Credit,38453,ATM
901297,500160,2026-07-05,Credit,46118,ATM
901298,500356,2025-10-23,Credit,22525,IMPS
901299,500565,2025-10-03,Credit,33737,NEFT
901300,500265,2025-08-12,Debit,17194,UPI
901301,500119,2026-06-14,Credit,31243,NEFT
901302,500479,2025-11-27,Debit,37047,ATM
901303,500675,2025-02-04,Debit,46059,UPI
901304,500645,2026-01-03,Credit,10503,ATM
901305,500487,2025-12-09,Debit,42559,UPI
901306,500192,2026-01-02,Debit,10765,ATM
901307,500560,2025-07-10,Credit,28870,IMPS
901308,500468,2026-03-22,Debit,31136,NEFT
901309,500259,2026-01-18,Debit,31724,ATM
901310,500308,2025-02-11,Credit,33324,UPI
901311,500432,2026-03-13,Debit,37946,ATM
901312,500608,2025-01-30,Credit,33667,NEFT
901313,500308,2026-06-21,Credit,37323,NEFT
901314,500134,2025-12-08,Credit,6024,Cash
901315,500145,2025-12-21,Debit,26051,NEFT
901316,500472,2025-01-01,Credit,13233,NEFT
901317,500309,2025-11-11,Credit,12197,NEFT
901318,500209,2026-03-24,Credit,47556,NEFT
901319,500158,2026-01-19,Credit,31383,NEFT
901320,500353,2025-04-13,Debit,36133,ATM
901321,500218,2026-04-29,Debit,30474,NEFT
901322,500099,2026-02-01,Credit,20963,NEFT
901323,500410,2025-12-01,Debit,44320,ATM
901324,500612,2026-02-08,Credit,22832,ATM
901325,500686,2025-01-28,Credit,39980,NEFT
901326,500241,2026-01-13,Debit,22372,IMPS
901327,500002,2026-02-12,Credit,42408,NEFT
901328,500142,2026-05-27,Credit,2999,NEFT
901329,500310,2026-03-22,Credit,22355,ATM
901330,500670,2025-07-04,Debit,9979,Cash
901331,500319,2026-02-01,Debit,2382,Cash
901332,500432,2025-07-03,Credit,26197,IMPS
901333,500109,2026-04-22,Credit,22794,UPI
901334,500672,2026-02-19,Credit,10643,Cash
901335,500132,2026-06-04,Debit,45077,ATM
901336,500012,2026-05-13,Debit,27786,UPI
901337,500311,2026-03-12,Debit,48731,UPI
901338,500619,2026-04-07,Debit,31134,Cash
901339,500548,2026-01-09,Credit,11820,ATM
901340,500545,2026-01-28,Credit,9955,UPI
901341,500346,2025-09-22,Credit,33844,IMPS
901342,500466,2026-03-22,Credit,30558,Cash
901343,500041,2025-05-05,Debit,30262,Cash
901344,500052,2026-01-14,Debit,27998,Cash
901345,500692,2025-10-31,Credit,35669,Cash
901346,500184,2025-10-28,Debit,27432,UPI
901347,500458,2025-11-29,Debit,41779,UPI
901348,500611,2025-04-25,Debit,48066,UPI
901349,500545,2026-02-10,Credit,11584,UPI
901350,500548,2025-04-07,Credit,47730,NEFT
901351,500649,2026-05-21,Debit,18102,Cash
901352,500470,2025-09-07,Debit,2763,UPI
901353,500335,2026-01-17,Credit,9717,IMPS
901354,500654,2025-04-14,Debit,33695,UPI
901355,500346,2025-11-06,Debit,26362,UPI
901356,500189,2025-09-21,Credit,28505,UPI
901357,500197,2025-09-25,Debit,40442,IMPS
901358,500553,2025-09-07,Credit,24625,IMPS
901359,500485,2025-08-09,Debit,18108,NEFT
901360,500284,2026-05-29,Credit,39724,ATM
901361,500186,2025-10-19,Debit,431,ATM
901362,500213,2025-01-20,Debit,43171,NEFT
901363,500282,2025-10-01,Debit,39361,Cash
901364,500100,2025-08-15,Credit,1284,Cash
901365,500227,2025-03-07,Debit,47820,IMPS
901366,500472,2026-03-07,Debit,35584,ATM
901367,500488,2025-01-13,Debit,22421,Cash
901368,500355,2026-04-01,Credit,30374,ATM
901369,500216,2026-06-30,Credit,44204,ATM
901370,500262,2026-02-17,Credit,43399,IMPS
901371,500081,2026-05-14,Debit,5545,NEFT
901372,500543,2026-01-14,Debit,19224,Cash
901373,500463,2026-04-24,Credit,10317,IMPS
901374,500599,2025-06-20,Debit,37120,ATM
901375,500426,2025-01-24,Debit,36566,ATM
901376,500241,2026-01-20,Credit,24900,IMPS
901377,500127,2025-04-10,Debit,14406,NEFT
901378,500114,2025-10-24,Credit,10527,ATM
901379,500564,2026-02-23,Debit,49335,NEFT
901380,500429,2025-10-13,Debit,23901,UPI
901381,500681,2025-11-22,Debit,14852,ATM
901382,500507,2026-04-21,Debit,29555,NEFT
901383,500182,2026-02-14,Debit,318,IMPS
901384,500343,2026-04-21,Credit,44884,UPI
901385,500393,2026-03-05,Debit,26989,NEFT
901386,500652,2025-01-30,Credit,9181,IMPS
901387,500635,2026-05-31,Credit,39393,IMPS
901388,500419,2025-01-24,Debit,40064,NEFT
901389,500171,2026-04-29,Credit,24367,UPI
901390,500616,2026-02-03,Credit,10676,ATM
901391,500378,2025-09-03,Credit,31044,NEFT
901392,500331,2025-05-16,Debit,4347,UPI
901393,500212,2026-04-18,Debit,16159,IMPS
901394,500455,2025-09-05,Credit,30338,IMPS
901395,500657,2025-04-24,Debit,10537,NEFT
901396,500474,2025-03-13,Credit,49160,UPI
901397,500699,2026-02-21,Debit,25352,UPI
901398,500428,2025-09-24,Credit,47010,IMPS
901399,500663,2026-07-01,Credit,28838,ATM
901400,500062,2025-10-27,Debit,47623,UPI
901401,500373,2026-02-14,Debit,28187,UPI
901402,500107,2025-05-30,Debit,49772,IMPS
901403,500115,2025-06-23,Debit,27159,Cash
901404,500146,2025-09-06,Debit,13868,Cash
901405,500100,2025-12-04,Credit,30131,ATM
901406,500251,2025-09-24,Debit,19452,ATM
901407,500339,2026-04-07,Debit,37339,Cash
901408,500609,2025-02-06,Credit,9800,IMPS
901409,500296,2025-01-27,Credit,24404,IMPS
901410,500372,2025-10-26,Debit,47013,NEFT
901411,500582,2025-11-09,Debit,46832,ATM
901412,500690,2025-10-29,Credit,48841,NEFT
901413,500151,2025-10-27,Debit,16962,NEFT
901414,500029,2025-08-05,Debit,9823,IMPS
901415,500013,2025-09-23,Debit,47360,IMPS
901416,500530,2026-02-20,Debit,40631,NEFT
901417,500353,2025-06-09,Debit,34397,Cash
901418,500388,2026-05-12,Credit,34521,ATM
901419,500180,2026-05-11,Debit,1032,UPI
901420,500351,2025-08-19,Debit,13628,NEFT
901421,500154,2025-10-12,Credit,42698,NEFT
901422,500366,2026-05-26,Debit,37416,UPI
901423,500537,2025-08-22,Credit,23926,UPI
901424,500409,2025-04-12,Debit,33354,UPI
901425,500278,2026-07-02,Credit,3768,ATM
901426,500581,2026-06-20,Credit,16136,Cash
901427,500188,2025-09-08,Credit,45296,ATM
901428,500182,2025-02-11,Debit,36274,Cash
901429,500094,2025-07-14,Credit,8786,IMPS
901430,500311,2025-03-04,Credit,15015,NEFT
901431,500600,2026-05-04,Debit,6540,IMPS
901432,500053,2025-11-23,Credit,12972,ATM
901433,500120,2026-03-29,Credit,31297,NEFT
901434,500103,2025-08-09,Debit,19758,IMPS
901435,500010,2026-03-17,Credit,47284,ATM
901436,500659,2025-07-19,Debit,132,Cash
901437,500417,2025-10-05,Debit,41461,NEFT
901438,500337,2026-06-04,Debit,33798,Cash
901439,500661,2025-11-03,Debit,34977,NEFT
901440,500350,2025-10-09,Debit,41120,ATM
901441,500115,2025-07-06,Debit,527,Cash
901442,500522,2026-04-27,Debit,10790,NEFT
901443,500068,2026-03-19,Debit,6297,ATM
901444,500351,2025-07-07,Credit,7224,NEFT
901445,500219,2025-11-11,Debit,21072,IMPS
901446,500484,2025-04-16,Debit,40045,NEFT
901447,500585,2025-06-08,Debit,10349,NEFT
901448,500406,2025-06-25,Credit,40085,NEFT
901449,500334,2026-06-13,Debit,42927,IMPS
901450,500427,2025-10-03,Credit,17326,ATM
901451,500311,2026-01-15,Credit,20169,Cash
901452,500363,2025-11-19,Debit,20286,ATM
901453,500577,2026-02-07,Debit,471,ATM
901454,500057,2026-02-23,Debit,42422,NEFT
901455,500468,2025-10-08,Credit,46259,NEFT
901456,500214,2025-09-20,Debit,24576,UPI
901457,500330,2026-03-14,Debit,21444,IMPS
901458,500574,2025-07-24,Credit,40572,IMPS
901459,500451,2025-10-08,Credit,4977,NEFT
901460,500165,2025-11-30,Debit,47368,IMPS
901461,500482,2025-02-17,Debit,45175,ATM
901462,500256,2025-10-14,Debit,3987,UPI
901463,500058,2025-12-17,Debit,35351,Cash
901464,500449,2025-10-19,Credit,31022,NEFT
901465,500076,2025-11-29,Debit,10046,NEFT
901466,500604,2025-11-03,Credit,36920,UPI
901467,500449,2025-09-09,Debit,37634,IMPS
901468,500677,2025-09-24,Debit,45291,UPI
901469,500144,2025-03-11,Debit,23773,ATM
901470,500220,2025-07-08,Debit,30792,NEFT
901471,500472,2026-01-06,Debit,13140,Cash
901472,500262,2025-01-24,Credit,7911,ATM
901473,500438,2026-02-10,Debit,3247,IMPS
901474,500062,2026-06-09,Debit,1161,IMPS
901475,500448,2025-02-02,Debit,35411,ATM
901476,500290,2025-12-08,Credit,48231,UPI
901477,500579,2025-04-05,Credit,34949,NEFT
901478,500526,2025-03-31,Debit,40079,NEFT
901479,500075,2026-03-18,Debit,30621,ATM
901480,500156,2025-12-05,Credit,12006,IMPS
901481,500348,2026-04-10,Debit,1507,ATM
901482,500589,2025-10-28,Credit,40974,ATM
901483,500020,2025-01-09,Credit,21227,ATM
901484,500155,2025-09-23,Credit,38397,Cash
901485,500546,2026-04-14,Credit,37746,Cash
901486,500591,2025-06-06,Credit,9817,NEFT
901487,500316,2025-07-05,Credit,1818,IMPS
901488,500617,2025-02-10,Credit,35494,Cash
901489,500071,2025-12-02,Debit,15180,NEFT
901490,500207,2025-11-07,Credit,27905,Cash
901491,500239,2025-08-11,Debit,1888,NEFT
901492,500451,2025-05-07,Debit,1766,ATM
901493,500214,2026-01-25,Credit,29382,ATM
901494,500409,2025-07-23,Credit,25036,IMPS
901495,500128,2025-04-06,Credit,33307,IMPS
901496,500529,2025-05-05,Credit,49684,NEFT
901497,500124,2026-05-16,Debit,49231,Cash
901498,500426,2025-07-15,Credit,6050,IMPS
901499,500369,2026-05-05,Debit,33440,UPI
901500,500468,2025-01-17,Credit,25005,ATM
901501,500410,2025-04-13,Debit,23718,Cash
901502,500067,2026-03-21,Debit,15131,UPI
901503,500667,2026-02-04,Debit,1138,Cash
901504,500663,2025-11-28,Credit,9323,NEFT
901505,500182,2025-01-10,Credit,34088,NEFT
901506,500144,2026-04-27,Credit,4109,IMPS
901507,500215,2025-10-28,Debit,40572,ATM
901508,500162,2026-03-06,Credit,11545,IMPS
901509,500156,2025-07-05,Debit,7269,NEFT
901510,500031,2026-05-25,Credit,20158,ATM
901511,500641,2026-01-18,Debit,40857,Cash
901512,500030,2025-01-27,Debit,1967,ATM
901513,500036,2025-05-28,Debit,3147,IMPS
901514,500387,2026-06-22,Credit,10465,UPI
901515,500016,2025-12-24,Credit,6137,ATM
901516,500068,2025-04-26,Debit,30537,ATM
901517,500550,2026-03-27,Credit,39635,UPI
901518,500319,2026-05-03,Debit,16933,NEFT
901519,500331,2026-01-10,Credit,31412,ATM
901520,500585,2025-07-20,Credit,14472,IMPS
901521,500133,2025-05-27,Credit,43301,UPI
901522,500098,2026-02-18,Debit,40405,UPI
901523,500256,2025-08-20,Debit,12199,Cash
901524,500337,2026-04-19,Debit,49900,NEFT
901525,500336,2026-03-09,Debit,43432,NEFT
901526,500594,2025-02-05,Debit,41510,UPI
901527,500203,2025-07-06,Credit,9468,UPI
901528,500244,2025-06-15,Debit,21237,UPI
901529,500586,2026-05-08,Debit,22637,NEFT
901530,500644,2026-02-20,Debit,14179,ATM
901531,500637,2025-09-27,Debit,7821,Cash
901532,500672,2026-06-11,Debit,22202,NEFT
901533,500262,2025-12-16,Debit,36072,ATM
901534,500680,2025-04-09,Debit,34117,Cash
901535,500065,2026-01-10,Debit,42193,UPI
901536,500557,2025-05-10,Credit,14984,ATM
901537,500114,2025-05-04,Debit,8377,Cash
901538,500315,2026-04-09,Debit,36360,UPI
901539,500517,2025-07-06,Debit,33582,NEFT
901540,500146,2025-08-16,Credit,13120,Cash
901541,500539,2025-06-05,Credit,35040,Cash
901542,500553,2025-08-24,Credit,24641,NEFT
901543,500103,2025-06-19,Credit,49324,NEFT
901544,500554,2026-03-11,Credit,18346,UPI
901545,500411,2025-10-31,Debit,34293,ATM
901546,500488,2026-04-25,Debit,9020,Cash
901547,500001,2025-03-18,Debit,46521,IMPS
901548,500685,2025-11-16,Credit,48168,IMPS
901549,500609,2025-03-10,Credit,49590,ATM
901550,500144,2025-05-28,Debit,10602,NEFT
901551,500401,2025-06-13,Debit,25724,IMPS
901552,500199,2025-09-12,Debit,4722,NEFT
901553,500283,2025-05-24,Debit,8191,IMPS
901554,500689,2025-06-05,Credit,29157,NEFT
901555,500689,2025-10-10,Debit,805,UPI
901556,500534,2025-11-15,Credit,41292,IMPS
901557,500483,2025-08-26,Debit,19683,UPI
901558,500555,2026-04-11,Credit,4713,Cash
901559,500279,2025-02-11,Debit,16841,UPI
901560,500642,2026-04-23,Debit,38437,NEFT
901561,500499,2025-10-26,Credit,34364,UPI
901562,500091,2026-01-07,Credit,43675,ATM
901563,500443,2026-03-08,Credit,41915,UPI
901564,500287,2025-10-10,Debit,42060,IMPS
901565,500337,2026-03-06,Debit,23474,UPI
901566,500014,2025-04-14,Debit,16008,IMPS
901567,500507,2025-08-15,Debit,43722,Cash
901568,500107,2026-05-15,Debit,39855,IMPS
901569,500684,2026-01-27,Credit,39530,UPI
901570,500605,2025-04-11,Credit,7798,NEFT
901571,500370,2026-03-08,Debit,47173,UPI
901572,500356,2026-03-27,Debit,37674,IMPS
901573,500039,2026-02-13,Debit,43948,UPI
901574,500222,2025-07-05,Credit,41421,Cash
901575,500102,2025-10-27,Debit,1959,ATM
901576,500260,2026-01-03,Debit,23193,NEFT
901577,500284,2026-04-02,Credit,21367,ATM
901578,500651,2025-09-27,Credit,13821,IMPS
901579,500561,2025-11-26,Debit,49469,Cash
901580,500177,2026-05-27,Credit,21973,Cash
901581,500632,2025-08-22,Debit,20143,UPI
901582,500093,2026-02-20,Debit,40850,ATM
901583,500655,2025-07-10,Debit,13348,Cash
901584,500498,2025-12-26,Debit,28789,Cash
901585,500164,2025-06-22,Debit,1143,UPI
901586,500195,2025-11-14,Debit,49695,IMPS
901587,500552,2025-07-02,Debit,40632,UPI
901588,500204,2025-04-06,Credit,46739,IMPS
901589,500680,2026-02-19,Debit,9652,Cash
901590,500546,2025-12-29,Debit,8818,ATM
901591,500107,2025-10-28,Credit,21322,NEFT
901592,500454,2025-02-11,Credit,36012,NEFT
901593,500684,2025-10-08,Credit,32507,NEFT
901594,500225,2025-09-09,Credit,28959,NEFT
901595,500149,2025-01-13,Debit,16069,UPI
901596,500627,2026-05-10,Debit,27266,IMPS
901597,500565,2025-07-16,Debit,12293,IMPS
901598,500595,2026-02-14,Debit,49041,Cash
901599,500373,2025-09-27,Debit,24363,Cash
901600,500241,2025-11-24,Debit,5148,NEFT
901601,500330,2025-09-10,Credit,6432,IMPS
901602,500488,2026-07-03,Debit,6968,IMPS
901603,500234,2025-12-23,Credit,30593,Cash
901604,500589,2025-02-24,Debit,40654,ATM
901605,500510,2026-03-23,Credit,11329,UPI
901606,500574,2026-04-05,Credit,22880,ATM
901607,500152,2025-03-07,Debit,4386,Cash
901608,500584,2025-09-16,Credit,46867,IMPS
901609,500503,2026-03-18,Credit,26068,NEFT
901610,500678,2026-04-08,Debit,35384,Cash
901611,500339,2025-08-27,Debit,9552,IMPS
901612,500698,2025-11-19,Credit,40050,UPI
901613,500367,2025-05-03,Credit,40329,UPI
901614,500543,2026-02-28,Credit,48108,NEFT
901615,500255,2025-07-03,Credit,2032,ATM
901616,500123,2025-12-06,Credit,6270,ATM
901617,500588,2026-02-01,Debit,25088,ATM
901618,500142,2025-12-18,Credit,6382,Cash
901619,500364,2025-07-01,Debit,16615,ATM
901620,500093,2025-07-08,Debit,26407,NEFT
901621,500233,2025-12-26,Credit,22363,ATM
901622,500097,2026-06-21,Debit,1436,IMPS
901623,500063,2025-03-02,Debit,6358,NEFT
901624,500002,2026-06-26,Credit,405,Cash
901625,500394,2025-11-10,Credit,37329,IMPS
901626,500384,2025-03-13,Credit,12452,IMPS
901627,500511,2025-07-06,Credit,22726,UPI
901628,500700,2025-06-08,Debit,37716,NEFT
901629,500452,2025-07-01,Credit,29270,UPI
901630,500638,2025-02-09,Credit,20525,Cash
901631,500111,2025-12-24,Credit,38773,IMPS
901632,500172,2025-04-13,Debit,12758,IMPS
901633,500159,2025-12-12,Debit,43254,IMPS
901634,500399,2026-04-04,Credit,43924,IMPS
901635,500068,2025-12-13,Credit,24066,NEFT
901636,500246,2026-05-18,Credit,26595,UPI
901637,500367,2025-03-02,Debit,43331,IMPS
901638,500102,2026-06-17,Credit,43583,Cash
901639,500540,2026-06-29,Debit,49705,IMPS
901640,500659,2025-07-25,Debit,21092,NEFT
901641,500459,2025-07-22,Debit,41147,ATM
901642,500414,2026-03-22,Debit,5499,ATM
901643,500025,2026-05-19,Credit,21170,IMPS
901644,500496,2026-02-03,Debit,32711,Cash
901645,500057,2026-06-25,Credit,12425,UPI
901646,500315,2025-06-27,Debit,48547,UPI
901647,500548,2025-01-29,Credit,19953,ATM
901648,500193,2025-12-27,Credit,44937,ATM
901649,500521,2026-06-21,Credit,33441,Cash
901650,500698,2025-02-15,Credit,6565,ATM
901651,500191,2025-08-15,Debit,4881,NEFT
901652,500508,2025-07-31,Credit,3064,ATM
901653,500211,2025-04-30,Debit,410,NEFT
901654,500676,2025-12-05,Credit,25653,NEFT
901655,500381,2026-02-16,Credit,10318,NEFT
901656,500614,2025-09-10,Debit,27811,IMPS
901657,500642,2025-11-14,Credit,42917,Cash
901658,500420,2025-01-11,Debit,27208,ATM
901659,500285,2025-07-14,Debit,16708,IMPS
901660,500011,2026-02-09,Credit,45713,ATM
901661,500132,2025-08-17,Credit,41885,UPI
901662,500119,2025-06-12,Debit,4458,NEFT
901663,500550,2025-12-02,Credit,48602,Cash
901664,500698,2026-02-12,Debit,35244,Cash
901665,500292,2025-09-25,Credit,49972,UPI
901666,500405,2025-07-26,Credit,36456,ATM
901667,500206,2025-05-11,Credit,30833,ATM
901668,500112,2025-04-25,Credit,2592,ATM
901669,500189,2025-03-27,Credit,15943,ATM
901670,500631,2026-01-15,Debit,48488,NEFT
901671,500453,2025-02-12,Credit,13890,Cash
901672,500045,2025-01-15,Credit,22470,Cash
901673,500180,2025-12-25,Debit,13249,UPI
901674,500401,2026-01-25,Credit,19223,IMPS
901675,500066,2025-08-19,Credit,41205,NEFT
901676,500344,2026-03-26,Credit,28970,UPI
901677,500252,2026-06-26,Debit,36593,NEFT
901678,500147,2025-11-22,Credit,7398,UPI
901679,500420,2026-06-15,Credit,40639,NEFT
901680,500330,2026-01-15,Credit,9503,UPI
901681,500240,2025-01-07,Debit,324,IMPS
901682,500060,2026-02-01,Credit,14814,UPI
901683,500578,2025-03-17,Credit,42623,ATM
901684,500586,2026-01-31,Debit,45032,IMPS
901685,500397,2026-04-06,Credit,44853,ATM
901686,500628,2025-09-14,Debit,41826,ATM
901687,500491,2025-06-06,Debit,35257,Cash
901688,500230,2025-05-28,Debit,41852,NEFT
901689,500398,2025-09-21,Credit,24222,UPI
901690,500443,2025-11-04,Credit,2888,ATM
901691,500421,2025-08-21,Debit,8293,Cash
901692,500214,2026-02-20,Debit,27476,ATM
901693,500464,2026-03-31,Debit,30477,Cash
901694,500346,2025-11-30,Debit,8823,IMPS
901695,500211,2025-09-09,Credit,46800,NEFT
901696,500583,2025-07-19,Debit,30467,IMPS
901697,500419,2026-01-19,Debit,14092,ATM
901698,500145,2026-04-27,Credit,35674,ATM
901699,500308,2026-02-27,Credit,13168,NEFT
901700,500346,2025-06-10,Debit,34014,ATM
901701,500185,2026-03-30,Credit,45579,NEFT
901702,500396,2025-06-26,Debit,48988,IMPS
901703,500160,2026-02-16,Credit,9975,ATM
901704,500325,2026-04-25,Credit,48496,NEFT
901705,500499,2025-11-20,Credit,44414,UPI
901706,500067,2025-03-29,Credit,668,UPI
901707,500340,2025-04-03,Debit,23476,NEFT
901708,500155,2025-08-07,Debit,4426,Cash
901709,500639,2025-11-20,Debit,31235,Cash
901710,500180,2025-10-24,Debit,6751,IMPS
901711,500164,2025-06-05,Credit,27309,UPI
901712,500546,2026-02-24,Credit,36909,IMPS
901713,500644,2026-04-26,Debit,45317,NEFT
901714,500117,2025-05-31,Debit,6461,UPI
901715,500139,2026-01-26,Debit,24962,ATM
901716,500175,2025-01-21,Debit,28997,IMPS
901717,500586,2025-07-06,Debit,1401,ATM
901718,500688,2025-12-19,Debit,5671,Cash
901719,500071,2025-07-01,Credit,40996,Cash
901720,500694,2026-02-08,Credit,7372,NEFT
901721,500650,2025-11-25,Debit,46722,UPI
901722,500364,2026-05-22,Credit,40854,IMPS
901723,500428,2025-06-23,Debit,16661,NEFT
901724,500526,2025-10-14,Credit,32187,Cash
901725,500171,2025-02-23,Credit,46008,Cash
901726,500270,2026-04-05,Debit,22219,UPI
901727,500280,2026-04-15,Credit,21918,IMPS
901728,500033,2025-05-14,Credit,48245,IMPS
901729,500020,2025-11-06,Debit,13183,ATM
901730,500390,2026-02-02,Credit,45666,Cash
901731,500385,2025-12-10,Debit,33692,ATM
901732,500417,2025-12-17,Credit,22791,Cash
901733,500566,2025-07-17,Debit,18557,Cash
901734,500086,2026-04-06,Credit,43761,Cash
901735,500522,2025-04-27,Credit,8523,UPI
901736,500249,2025-03-18,Credit,24570,UPI
901737,500158,2025-08-31,Credit,5042,UPI
901738,500014,2025-12-16,Credit,10339,IMPS
901739,500642,2026-04-17,Debit,43677,UPI
901740,500628,2025-05-05,Credit,46247,NEFT
901741,500205,2025-03-25,Credit,6109,UPI
901742,500004,2026-03-20,Credit,13876,UPI
901743,500082,2026-02-01,Debit,41089,IMPS
901744,500198,2026-05-03,Credit,46515,ATM
901745,500620,2025-07-10,Debit,18978,IMPS
901746,500063,2026-03-30,Credit,33365,UPI
901747,500082,2025-06-30,Credit,17353,NEFT
901748,500556,2025-07-13,Credit,46163,UPI
901749,500193,2025-07-11,Debit,49663,NEFT
901750,500167,2026-02-09,Debit,39523,ATM
901751,500519,2025-10-20,Credit,28052,Cash
901752,500354,2025-09-04,Credit,43015,Cash
901753,500289,2025-06-15,Credit,4138,UPI
901754,500506,2025-12-19,Credit,40722,ATM
901755,500082,2026-04-02,Credit,48876,UPI
901756,500327,2026-01-06,Credit,37403,Cash
901757,500327,2026-04-07,Debit,48740,ATM
901758,500380,2026-05-27,Debit,32152,Cash
901759,500560,2025-07-14,Credit,38584,NEFT
901760,500044,2025-12-28,Debit,30570,ATM
901761,500333,2026-02-17,Debit,30534,ATM
901762,500157,2025-05-26,Debit,27598,UPI
901763,500143,2025-11-21,Debit,41531,NEFT
901764,500410,2026-01-10,Credit,28567,NEFT
901765,500155,2025-07-08,Credit,6315,UPI
901766,500401,2026-04-29,Credit,17853,Cash
901767,500203,2025-01-23,Debit,25805,NEFT
901768,500311,2025-10-12,Credit,12548,ATM
901769,500622,2026-05-27,Debit,28615,NEFT
901770,500500,2025-03-03,Debit,7047,UPI
901771,500332,2026-05-04,Debit,9371,NEFT
901772,500532,2026-05-22,Credit,27385,ATM
901773,500014,2025-11-12,Credit,22289,Cash
901774,500634,2026-03-16,Credit,39363,NEFT
901775,500543,2025-10-16,Debit,47597,Cash
901776,500132,2026-01-14,Debit,4236,UPI
901777,500458,2026-01-14,Debit,16229,NEFT
901778,500335,2025-08-28,Debit,41641,ATM
901779,500288,2025-12-15,Debit,45865,NEFT
901780,500131,2025-11-26,Credit,46506,IMPS
901781,500625,2025-08-31,Credit,32120,IMPS
901782,500482,2025-01-20,Debit,33586,UPI
901783,500394,2025-06-01,Debit,5428,IMPS
901784,500503,2026-04-19,Debit,4486,ATM
901785,500399,2025-07-17,Debit,46755,NEFT
901786,500373,2025-03-02,Debit,16260,NEFT
901787,500649,2025-01-04,Debit,23441,IMPS
901788,500495,2025-05-30,Debit,21073,ATM
901789,500322,2026-07-04,Credit,42425,NEFT
901790,500612,2025-05-04,Debit,48165,UPI
901791,500200,2026-06-21,Debit,16367,ATM
901792,500434,2025-01-12,Debit,17204,NEFT
901793,500148,2025-10-31,Credit,1988,ATM
901794,500081,2026-01-13,Debit,9774,ATM
901795,500641,2026-01-27,Credit,39018,ATM
901796,500322,2025-04-21,Debit,29980,Cash
901797,500203,2026-04-10,Debit,10775,IMPS
901798,500132,2025-11-27,Credit,8220,UPI
901799,500335,2026-05-04,Debit,9389,Cash
901800,500385,2025-01-27,Debit,42457,Cash
901801,500406,2025-07-02,Debit,40278,UPI
901802,500660,2025-10-17,Debit,37168,IMPS
901803,500041,2026-06-08,Credit,47467,NEFT
901804,500509,2025-03-07,Credit,9269,NEFT
901805,500105,2026-06-20,Credit,46883,NEFT
901806,500095,2026-01-04,Debit,22261,UPI
901807,500423,2025-12-18,Credit,32373,ATM
901808,500559,2025-03-05,Debit,42162,ATM
901809,500159,2025-04-02,Credit,29492,NEFT
901810,500119,2025-09-25,Credit,15780,UPI
901811,500661,2025-01-25,Credit,42233,NEFT
901812,500491,2025-02-13,Credit,14452,NEFT
901813,500157,2025-05-21,Debit,21264,ATM
901814,500650,2026-02-10,Credit,33539,Cash
901815,500505,2025-01-25,Debit,36146,UPI
901816,500042,2025-07-24,Credit,13786,NEFT
901817,500597,2026-05-19,Credit,22997,UPI
901818,500596,2026-01-12,Credit,26129,NEFT
901819,500156,2026-07-04,Credit,41235,IMPS
901820,500289,2025-09-30,Debit,33581,ATM
901821,500164,2025-07-26,Debit,22020,NEFT
901822,500335,2025-09-24,Debit,7909,Cash
901823,500463,2025-01-30,Debit,39642,IMPS
901824,500416,2025-07-29,Credit,7485,UPI
901825,500397,2025-04-20,Credit,13216,IMPS
901826,500306,2025-08-08,Debit,23754,ATM
901827,500056,2025-08-24,Debit,14308,IMPS
901828,500025,2025-11-14,Credit,14283,NEFT
901829,500342,2025-07-31,Debit,47282,ATM
901830,500336,2026-04-14,Debit,39540,NEFT
901831,500504,2026-05-07,Debit,43814,NEFT
901832,500080,2025-04-20,Credit,2144,IMPS
901833,500052,2025-01-12,Debit,100,Cash
901834,500456,2026-01-26,Credit,6472,UPI
901835,500377,2025-08-09,Credit,27832,Cash
901836,500078,2025-10-14,Debit,42936,UPI
901837,500305,2025-02-05,Credit,19895,NEFT
901838,500270,2026-04-13,Credit,7985,UPI
901839,500488,2025-06-28,Credit,7478,UPI
901840,500241,2026-04-12,Debit,17799,UPI
901841,500577,2026-05-07,Credit,48035,NEFT
901842,500221,2025-03-08,Debit,44534,ATM
901843,500031,2025-02-08,Debit,28443,ATM
901844,500423,2025-06-29,Credit,37898,UPI
901845,500673,2025-03-06,Debit,46624,Cash
901846,500491,2025-07-27,Debit,1699,Cash
901847,500193,2025-08-29,Debit,227,UPI
901848,500577,2026-03-22,Debit,15272,UPI
901849,500294,2026-01-08,Credit,39293,Cash
901850,500468,2026-04-29,Credit,24562,Cash
901851,500565,2025-05-30,Debit,48281,Cash
901852,500417,2025-06-28,Debit,24486,ATM
901853,500356,2025-10-27,Credit,44183,ATM
901854,500692,2026-02-22,Debit,28392,UPI
901855,500617,2025-09-17,Credit,21910,Cash
901856,500661,2026-04-23,Debit,49494,IMPS
901857,500697,2025-06-18,Credit,22608,IMPS
901858,500641,2025-05-29,Debit,35503,NEFT
901859,500588,2025-05-23,Credit,45530,ATM
901860,500084,2026-03-06,Credit,32958,IMPS
901861,500043,2026-06-17,Credit,37813,UPI
901862,500261,2025-06-18,Credit,44927,Cash
901863,500501,2025-04-30,Debit,48062,Cash
901864,500562,2026-02-09,Debit,14457,IMPS
901865,500360,2026-02-22,Credit,14898,ATM
901866,500160,2025-07-12,Credit,33163,UPI
901867,500508,2025-05-28,Credit,45643,Cash
901868,500248,2026-02-20,Debit,13813,IMPS
901869,500654,2025-04-09,Credit,1640,UPI
901870,500032,2025-10-30,Credit,13671,NEFT
901871,500697,2025-03-15,Credit,16709,ATM
901872,500122,2026-03-09,Debit,43457,ATM
901873,500011,2025-11-04,Debit,25511,Cash
901874,500214,2025-11-08,Debit,40683,IMPS
901875,500490,2025-02-12,Debit,2165,ATM
901876,500328,2025-12-26,Credit,16862,ATM
901877,500393,2025-04-11,Debit,45227,IMPS
901878,500636,2025-12-26,Debit,1890,ATM
901879,500040,2026-05-15,Credit,31221,Cash
901880,500557,2025-04-05,Credit,16181,UPI
901881,500466,2026-01-24,Debit,15918,IMPS
901882,500481,2025-02-05,Debit,20403,IMPS
901883,500463,2025-08-10,Debit,6322,UPI
901884,500132,2025-01-29,Debit,4628,IMPS
901885,500186,2026-04-20,Debit,45787,IMPS
901886,500398,2026-07-03,Credit,16693,IMPS
901887,500121,2026-06-14,Debit,11497,ATM
901888,500301,2025-06-16,Credit,19124,IMPS
901889,500340,2026-03-13,Credit,45110,NEFT
901890,500079,2025-07-23,Debit,31966,NEFT
901891,500006,2026-02-01,Credit,24788,UPI
901892,500310,2025-07-07,Credit,22386,IMPS
901893,500506,2025-08-23,Debit,46026,UPI
901894,500104,2025-06-18,Credit,8750,IMPS
901895,500577,2025-01-25,Debit,32615,Cash
901896,500441,2025-01-22,Debit,41704,IMPS
901897,500109,2026-03-05,Debit,2297,Cash
901898,500447,2026-03-09,Credit,4371,UPI
901899,500270,2026-01-02,Debit,26401,IMPS
901900,500250,2025-05-21,Credit,1680,NEFT
901901,500089,2025-07-11,Credit,29335,IMPS
901902,500383,2025-09-27,Debit,4479,NEFT
901903,500597,2026-02-28,Credit,36778,UPI
901904,500238,2025-07-27,Credit,19783,NEFT
901905,500401,2025-01-12,Debit,4031,IMPS
901906,500013,2025-04-26,Debit,38476,IMPS
901907,500010,2025-11-07,Credit,21040,NEFT
901908,500492,2025-08-07,Credit,43618,ATM
901909,500490,2026-05-06,Credit,6591,NEFT
901910,500398,2025-03-14,Credit,43817,NEFT
901911,500523,2025-05-29,Credit,31405,IMPS
901912,500075,2025-06-18,Credit,41187,ATM
901913,500641,2026-01-06,Credit,17301,ATM
901914,500062,2026-03-19,Credit,21103,ATM
901915,500029,2025-07-17,Debit,25709,ATM
901916,500621,2025-08-19,Credit,31515,IMPS
901917,500522,2026-02-21,Credit,15916,IMPS
901918,500534,2025-10-22,Debit,5018,ATM
901919,500615,2025-02-01,Debit,4447,IMPS
901920,500087,2025-05-30,Credit,24316,Cash
901921,500403,2025-10-15,Debit,42709,Cash
901922,500311,2026-07-03,Debit,20294,ATM
901923,500524,2026-05-15,Debit,49738,IMPS
901924,500574,2025-05-21,Debit,22190,UPI
901925,500502,2025-12-17,Credit,16588,Cash
901926,500278,2025-10-23,Credit,20616,Cash
901927,500246,2025-07-15,Debit,20176,NEFT
901928,500344,2026-06-15,Debit,18353,Cash
901929,500613,2026-03-11,Credit,40277,NEFT
901930,500303,2025-07-14,Debit,46802,IMPS
901931,500567,2025-11-25,Credit,30422,IMPS
901932,500533,2025-06-27,Credit,47586,Cash
901933,500654,2025-09-10,Credit,39299,Cash
901934,500188,2026-05-24,Debit,16197,ATM
901935,500496,2025-10-05,Debit,35319,Cash
901936,500150,2025-09-18,Credit,16650,UPI
901937,500386,2026-02-07,Credit,4461,NEFT
901938,500261,2026-05-22,Debit,36187,IMPS
901939,500284,2026-06-08,Debit,13154,Cash
901940,500053,2026-03-14,Debit,39111,UPI
901941,500488,2026-03-24,Debit,20622,UPI
901942,500144,2025-07-05,Credit,23780,UPI
901943,500043,2025-03-13,Debit,7142,IMPS
901944,500549,2025-10-02,Credit,6384,ATM
901945,500210,2025-02-10,Credit,745,UPI
901946,500346,2025-10-11,Debit,28267,NEFT
901947,500237,2025-08-14,Debit,36316,Cash
901948,500243,2025-06-05,Credit,36387,IMPS
901949,500325,2025-08-14,Credit,25218,NEFT
901950,500555,2025-01-18,Credit,6075,IMPS
901951,500629,2025-10-04,Debit,8263,UPI
901952,500253,2026-02-21,Credit,15961,ATM
901953,500625,2025-06-19,Credit,14540,Cash
901954,500110,2025-01-04,Credit,44085,Cash
901955,500446,2026-01-31,Debit,14084,NEFT
901956,500103,2025-03-25,Debit,46789,ATM
901957,500454,2025-06-03,Debit,40408,ATM
901958,500024,2025-10-06,Credit,44226,ATM
901959,500448,2026-06-21,Debit,21207,UPI
901960,500512,2026-06-04,Debit,29079,IMPS
901961,500211,2026-01-17,Credit,46201,UPI
901962,500616,2026-01-22,Credit,26576,NEFT
901963,500224,2025-11-18,Debit,26648,Cash
901964,500255,2025-10-25,Credit,24967,IMPS
901965,500481,2025-01-25,Credit,42401,UPI
901966,500464,2025-01-23,Debit,37564,Cash
901967,500369,2026-01-26,Credit,32275,ATM
901968,500457,2026-03-11,Credit,28762,Cash
901969,500357,2025-08-23,Debit,24125,Cash
901970,500491,2025-06-11,Credit,14461,IMPS
901971,500661,2026-06-14,Credit,2478,ATM
901972,500374,2025-02-19,Credit,5996,NEFT
901973,500095,2025-02-21,Debit,5294,IMPS
901974,500262,2026-04-09,Credit,19312,NEFT
901975,500447,2025-10-13,Credit,15113,ATM
901976,500320,2025-06-20,Credit,15292,UPI
901977,500636,2025-02-23,Credit,18990,IMPS
901978,500482,2026-03-10,Credit,15582,UPI
901979,500201,2025-03-20,Credit,6752,Cash
901980,500184,2026-07-01,Credit,30412,IMPS
901981,500378,2025-07-03,Credit,35073,NEFT
901982,500252,2025-01-09,Debit,11358,Cash
901983,500526,2025-01-22,Credit,25908,NEFT
901984,500172,2025-02-19,Debit,10317,NEFT
901985,500248,2026-01-12,Debit,30404,NEFT
901986,500466,2025-06-29,Credit,46855,NEFT
901987,500166,2025-02-13,Credit,24834,NEFT
901988,500001,2025-10-22,Debit,34761,ATM
901989,500694,2026-02-09,Debit,34509,ATM
901990,500663,2026-06-17,Debit,39783,IMPS
901991,500415,2025-09-15,Debit,11037,IMPS
901992,500512,2025-05-10,Credit,13658,UPI
901993,500615,2026-01-12,Debit,7671,IMPS
901994,500423,2026-01-27,Debit,19729,Cash
901995,500025,2025-11-19,Debit,13122,UPI
901996,500221,2026-03-22,Credit,29587,IMPS
901997,500144,2025-11-06,Debit,16123,NEFT
901998,500017,2025-08-21,Debit,16675,ATM
901999,500409,2026-04-23,Debit,24451,NEFT
902000,500475,2025-05-14,Debit,3465,NEFT
902001,500150,2025-04-14,Debit,24612,UPI
902002,500359,2026-04-22,Debit,42923,ATM
902003,500080,2025-10-29,Debit,33691,IMPS
902004,500489,2025-02-11,Debit,4540,Cash
902005,500340,2025-07-18,Debit,33308,NEFT
902006,500012,2025-04-14,Credit,48880,IMPS
902007,500277,2025-03-03,Credit,33491,NEFT
902008,500646,2026-06-18,Debit,1682,ATM
902009,500414,2025-12-09,Debit,22836,IMPS
902010,500335,2025-10-19,Debit,3436,IMPS
902011,500600,2025-05-07,Debit,49808,ATM
902012,500444,2026-06-11,Credit,43767,IMPS
902013,500580,2026-06-03,Credit,10148,ATM
902014,500339,2026-03-27,Debit,9534,NEFT
902015,500202,2025-04-06,Debit,18172,ATM
902016,500226,2025-02-12,Credit,19951,UPI
902017,500137,2025-07-19,Debit,37409,NEFT
902018,500428,2025-06-05,Debit,35951,IMPS
902019,500262,2025-08-04,Credit,4440,NEFT
902020,500039,2025-09-29,Debit,4431,NEFT
902021,500480,2025-06-19,Debit,7586,UPI
902022,500686,2026-04-16,Debit,40522,Cash
902023,500481,2025-09-22,Debit,41487,Cash
902024,500540,2025-06-09,Debit,39018,NEFT
902025,500232,2025-01-23,Debit,31779,Cash
902026,500337,2026-06-06,Debit,32794,ATM
902027,500053,2025-11-04,Debit,7079,NEFT
902028,500569,2025-08-17,Credit,16401,ATM
902029,500157,2025-04-11,Debit,27143,ATM
902030,500430,2025-12-06,Debit,5416,NEFT
902031,500167,2026-05-08,Credit,20675,UPI
902032,500447,2026-02-20,Debit,10195,ATM
902033,500485,2025-02-01,Debit,24373,UPI
902034,500316,2025-08-30,Debit,32334,ATM
902035,500603,2025-08-08,Debit,28287,NEFT
902036,500294,2025-09-07,Credit,22127,NEFT
902037,500613,2025-12-01,Debit,5531,UPI
902038,500085,2025-03-26,Credit,9933,IMPS
902039,500439,2026-05-20,Credit,45803,NEFT
902040,500053,2025-01-03,Debit,11737,UPI
902041,500137,2025-10-26,Debit,44581,Cash
902042,500683,2025-03-31,Credit,10927,Cash
902043,500339,2025-04-13,Credit,38298,UPI
902044,500041,2025-01-01,Credit,11236,ATM
902045,500503,2025-04-21,Debit,38987,Cash
902046,500631,2026-06-23,Credit,40256,Cash
902047,500142,2025-03-08,Debit,39825,Cash
902048,500162,2026-06-12,Credit,32633,IMPS
902049,500230,2025-10-18,Credit,25881,Cash
902050,500681,2025-06-16,Debit,29755,Cash
902051,500522,2025-11-10,Debit,42927,ATM
902052,500429,2025-08-29,Debit,43763,Cash
902053,500216,2025-09-04,Debit,9846,NEFT
902054,500038,2025-03-23,Credit,38614,UPI
902055,500152,2025-04-21,Debit,8364,NEFT
902056,500076,2025-10-17,Debit,45170,Cash
902057,500594,2025-09-02,Debit,28630,ATM
902058,500126,2025-11-06,Credit,31113,UPI
902059,500373,2025-06-10,Debit,12649,Cash
902060,500068,2025-02-20,Credit,16626,ATM
902061,500192,2026-05-25,Debit,43244,ATM
902062,500332,2026-04-06,Credit,21524,ATM
902063,500675,2025-11-19,Credit,587,NEFT
902064,500257,2026-03-02,Credit,32009,Cash
902065,500152,2025-02-13,Credit,15830,IMPS
902066,500619,2026-05-23,Debit,13355,NEFT
902067,500428,2025-02-09,Credit,41488,Cash
902068,500352,2026-01-17,Debit,279,UPI
902069,500495,2026-05-29,Credit,13932,NEFT
902070,500341,2026-06-02,Debit,34891,ATM
902071,500542,2025-07-21,Debit,48024,UPI
902072,500466,2025-10-25,Debit,3017,Cash
902073,500341,2025-01-19,Debit,38721,UPI
902074,500486,2026-03-04,Debit,39995,IMPS
902075,500237,2025-11-19,Credit,29543,Cash
902076,500308,2025-02-09,Credit,43906,IMPS
902077,500261,2026-02-09,Debit,380,IMPS
902078,500235,2025-02-11,Credit,29542,NEFT
902079,500407,2025-01-03,Debit,3230,UPI
902080,500281,2026-07-03,Debit,1171,IMPS
902081,500656,2025-11-10,Credit,32647,IMPS
902082,500219,2026-07-01,Debit,7693,NEFT
902083,500399,2025-12-03,Credit,35821,NEFT
902084,500015,2026-03-16,Credit,21646,NEFT
902085,500492,2025-01-22,Credit,8611,Cash
902086,500174,2025-10-27,Debit,27335,NEFT
902087,500437,2025-07-28,Credit,23786,UPI
902088,500296,2025-11-13,Credit,5095,NEFT
902089,500125,2025-01-04,Credit,4424,Cash
902090,500184,2025-04-27,Debit,22220,UPI
902091,500513,2026-07-02,Debit,33574,UPI
902092,500493,2025-10-12,Credit,23447,UPI
902093,500362,2025-06-30,Debit,12505,IMPS
902094,500257,2025-01-19,Credit,4257,NEFT
902095,500150,2025-12-17,Credit,34315,IMPS
902096,500199,2026-05-06,Debit,2052,Cash
902097,500399,2026-03-19,Credit,33681,ATM
902098,500218,2025-06-21,Credit,40802,ATM
902099,500601,2025-03-10,Credit,43158,ATM
902100,500571,2026-04-14,Debit,21216,Cash
902101,500204,2025-02-12,Credit,29781,NEFT
902102,500004,2025-12-30,Credit,43653,Cash
902103,500665,2025-12-13,Debit,49234,UPI
902104,500323,2026-04-20,Credit,8887,UPI
902105,500609,2026-06-18,Credit,38955,NEFT
902106,500485,2026-05-22,Debit,7948,IMPS
902107,500034,2025-11-21,Credit,20551,IMPS
902108,500436,2025-10-28,Credit,7084,UPI
902109,500308,2025-05-21,Debit,24976,NEFT
902110,500288,2025-12-15,Debit,4975,IMPS
902111,500373,2025-03-18,Debit,20310,Cash
902112,500417,2025-01-24,Credit,18787,Cash
902113,500190,2025-04-06,Credit,34503,IMPS
902114,500614,2025-04-13,Debit,7530,UPI
902115,500271,2025-12-08,Debit,8208,NEFT
902116,500591,2025-08-06,Credit,15272,UPI
902117,500284,2025-11-15,Credit,46814,IMPS
902118,500592,2025-11-01,Debit,6682,ATM
902119,500042,2025-11-16,Debit,6192,Cash
902120,500276,2025-02-23,Credit,4605,UPI
902121,500603,2025-01-05,Credit,31359,UPI
902122,500481,2026-01-05,Debit,35618,UPI
902123,500271,2025-06-12,Credit,5474,Cash
902124,500173,2025-07-09,Credit,41442,UPI
902125,500482,2025-08-12,Credit,11199,IMPS
902126,500245,2026-02-22,Credit,44756,IMPS
902127,500280,2025-07-12,Debit,35985,NEFT
902128,500061,2026-03-17,Credit,40290,ATM
902129,500198,2026-06-25,Debit,22661,NEFT
902130,500415,2026-02-26,Debit,17752,NEFT
902131,500632,2025-05-08,Debit,16811,IMPS
902132,500510,2025-01-02,Credit,26677,IMPS
902133,500196,2025-09-17,Credit,37889,NEFT
902134,500657,2025-05-03,Credit,8780,UPI
902135,500237,2025-09-13,Credit,48023,UPI
902136,500405,2025-05-17,Credit,18223,UPI
902137,500589,2025-01-03,Credit,47104,UPI
902138,500015,2026-02-28,Credit,22471,NEFT
902139,500458,2025-05-28,Credit,47568,UPI
902140,500378,2025-11-29,Debit,24920,IMPS
902141,500697,2025-10-09,Debit,43558,NEFT
902142,500651,2025-05-30,Credit,25607,Cash
902143,500193,2025-09-06,Debit,32141,Cash
902144,500448,2025-02-20,Debit,300,ATM
902145,500475,2025-06-12,Credit,4005,ATM
902146,500537,2025-10-24,Credit,27192,UPI
902147,500295,2025-05-25,Debit,18406,NEFT
902148,500437,2025-01-15,Debit,34807,UPI
902149,500601,2026-04-11,Debit,19970,NEFT
902150,500461,2025-07-25,Debit,31349,ATM
902151,500277,2025-06-14,Debit,14554,ATM
902152,500137,2025-01-18,Credit,42385,ATM
902153,500394,2025-08-13,Credit,7297,Cash
902154,500380,2026-06-19,Debit,45313,UPI
902155,500279,2026-06-13,Debit,49016,ATM
902156,500021,2025-03-06,Credit,15908,Cash
902157,500259,2025-09-08,Credit,41225,ATM
902158,500542,2025-01-04,Credit,1382,Cash
902159,500568,2026-03-06,Debit,195,ATM
902160,500199,2025-07-11,Credit,48112,Cash
902161,500436,2025-09-15,Debit,38516,NEFT
902162,500644,2026-02-16,Debit,6397,ATM
902163,500484,2025-07-20,Credit,21380,UPI
902164,500345,2026-01-01,Debit,49837,NEFT
902165,500546,2025-12-08,Debit,15014,ATM
902166,500576,2025-01-17,Credit,6862,IMPS
902167,500141,2025-08-25,Debit,2975,NEFT
902168,500479,2026-02-27,Credit,6824,IMPS
902169,500452,2025-05-19,Credit,48467,NEFT
902170,500224,2026-01-15,Credit,2499,Cash
902171,500012,2026-02-23,Credit,18477,IMPS
902172,500461,2025-08-03,Credit,22435,NEFT
902173,500627,2025-05-02,Credit,16504,IMPS
902174,500550,2025-09-04,Credit,31295,Cash
902175,500555,2025-06-21,Credit,32183,NEFT
902176,500422,2025-12-05,Credit,5913,IMPS
902177,500597,2025-08-23,Debit,106,ATM
902178,500358,2026-01-01,Debit,36556,NEFT
902179,500028,2025-04-10,Credit,43832,Cash
902180,500198,2025-06-26,Credit,15449,UPI
902181,500184,2025-07-20,Credit,13052,NEFT
902182,500303,2026-04-17,Credit,43462,ATM
902183,500232,2025-05-18,Credit,7825,NEFT
902184,500376,2025-11-03,Debit,10187,UPI
902185,500163,2026-05-01,Debit,599,NEFT
902186,500384,2025-02-05,Credit,44955,ATM
902187,500112,2025-03-28,Credit,13979,UPI
902188,500158,2026-03-02,Credit,28583,NEFT
902189,500171,2025-09-30,Debit,29791,NEFT
902190,500609,2026-06-30,Credit,29529,ATM
902191,500177,2026-04-01,Debit,20791,Cash
902192,500621,2025-08-08,Credit,12962,ATM
902193,500303,2026-01-20,Debit,6065,IMPS
902194,500119,2025-05-10,Credit,15156,IMPS
902195,500116,2026-05-06,Debit,42675,IMPS
902196,500139,2025-02-24,Credit,35425,NEFT
902197,500130,2025-09-04,Credit,33419,IMPS
902198,500557,2025-03-17,Credit,35424,IMPS
902199,500086,2025-12-14,Credit,17116,Cash
902200,500341,2025-05-20,Credit,2984,ATM
902201,500503,2025-07-30,Credit,14551,UPI
902202,500531,2025-06-01,Debit,4781,ATM
902203,500650,2025-03-24,Debit,30305,NEFT
902204,500698,2025-10-10,Debit,2063,UPI
902205,500012,2025-01-28,Credit,47488,UPI
902206,500086,2025-11-27,Credit,49747,IMPS
902207,500084,2025-03-26,Credit,31608,UPI
902208,500450,2026-01-16,Credit,41443,IMPS
902209,500027,2025-06-03,Debit,20602,ATM
902210,500689,2025-04-28,Debit,49417,Cash
902211,500268,2025-06-13,Credit,35867,NEFT
902212,500615,2026-05-04,Debit,32287,IMPS
902213,500079,2025-06-04,Credit,19038,IMPS
902214,500637,2025-02-13,Debit,24967,ATM
902215,500042,2026-06-04,Debit,30725,UPI
902216,500046,2025-02-20,Credit,43487,Cash
902217,500252,2026-01-22,Debit,41824,Cash
902218,500091,2026-01-06,Debit,34836,NEFT
902219,500415,2026-01-22,Credit,15553,ATM
902220,500153,2025-10-03,Credit,21179,Cash
902221,500678,2025-02-20,Debit,20424,NEFT
902222,500591,2026-01-20,Credit,36311,UPI
902223,500641,2026-04-27,Credit,26755,NEFT
902224,500247,2026-02-25,Debit,40607,Cash
902225,500018,2026-06-23,Credit,8342,UPI
902226,500063,2025-10-02,Credit,8122,ATM
902227,500259,2026-06-26,Credit,36524,IMPS
902228,500006,2025-09-25,Debit,42290,NEFT
902229,500561,2026-05-01,Debit,16419,IMPS
902230,500199,2026-01-23,Credit,34724,UPI
902231,500410,2025-10-02,Credit,10248,UPI
902232,500145,2026-02-14,Debit,47678,NEFT
902233,500535,2025-11-11,Debit,19602,NEFT
902234,500022,2025-09-06,Debit,49676,NEFT
902235,500378,2026-06-26,Debit,14116,UPI
902236,500318,2025-09-15,Credit,30375,UPI
902237,500400,2025-10-26,Debit,10367,Cash
902238,500383,2025-10-25,Credit,12328,ATM
902239,500235,2026-01-13,Debit,35716,NEFT
902240,500301,2025-07-16,Credit,43921,UPI
902241,500482,2026-01-22,Debit,27047,Cash
902242,500298,2026-06-10,Credit,14902,UPI
902243,500378,2025-09-05,Credit,18150,Cash
902244,500138,2026-04-22,Credit,44250,Cash
902245,500039,2025-10-24,Credit,19195,NEFT
902246,500210,2025-08-10,Credit,23369,NEFT
902247,500539,2025-09-21,Debit,46557,UPI
902248,500405,2025-08-16,Credit,6796,UPI
902249,500097,2026-04-11,Debit,47367,UPI
902250,500558,2025-02-19,Credit,15900,IMPS
902251,500094,2025-07-22,Debit,14307,NEFT
902252,500415,2025-11-27,Credit,2669,ATM
902253,500036,2025-03-20,Credit,49254,IMPS
902254,500518,2026-05-24,Debit,25615,UPI
902255,500473,2026-05-28,Debit,36311,IMPS
902256,500009,2025-01-11,Credit,13777,UPI
902257,500031,2025-04-20,Debit,27298,UPI
902258,500563,2025-05-11,Credit,16116,ATM
902259,500342,2026-04-29,Debit,17394,Cash
902260,500611,2025-05-03,Debit,301,IMPS
902261,500697,2025-08-07,Debit,24211,IMPS
902262,500355,2025-05-18,Credit,5097,Cash
902263,500619,2025-03-14,Credit,34569,IMPS
902264,500294,2025-04-22,Debit,14900,NEFT
902265,500407,2026-06-27,Debit,22575,UPI
902266,500601,2025-05-23,Debit,12860,NEFT
902267,500162,2025-08-09,Credit,4916,NEFT
902268,500463,2025-10-09,Debit,22231,ATM
902269,500079,2025-04-05,Debit,2490,Cash
902270,500134,2026-06-17,Debit,49064,UPI
902271,500376,2025-01-22,Debit,15674,ATM
902272,500405,2026-03-15,Debit,48842,UPI
902273,500532,2025-04-09,Credit,49012,NEFT
902274,500437,2025-01-19,Credit,12744,UPI
902275,500533,2025-07-28,Debit,25697,ATM
902276,500623,2025-04-01,Credit,25415,NEFT
902277,500467,2025-03-16,Debit,48934,NEFT
902278,500103,2025-06-29,Credit,16747,Cash
902279,500365,2025-02-23,Debit,33462,IMPS
902280,500188,2026-03-23,Credit,31910,ATM
902281,500435,2025-05-27,Credit,34473,Cash
902282,500298,2025-02-11,Credit,15966,Cash
902283,500568,2025-01-06,Debit,12818,Cash
902284,500306,2025-09-01,Debit,43819,IMPS
902285,500542,2025-05-20,Debit,3122,NEFT
902286,500240,2026-01-19,Credit,3599,UPI
902287,500684,2026-01-15,Debit,45392,UPI
902288,500621,2025-02-18,Debit,37092,IMPS
902289,500067,2025-10-24,Debit,37723,NEFT
902290,500017,2026-04-09,Debit,38300,NEFT
902291,500413,2026-03-07,Debit,43142,Cash
902292,500566,2026-04-13,Credit,34323,Cash
902293,500149,2026-07-03,Debit,38063,ATM
902294,500653,2025-09-12,Credit,21750,IMPS
902295,500106,2025-10-29,Credit,32896,Cash
902296,500584,2025-07-19,Credit,12576,UPI
902297,500190,2025-08-17,Debit,9359,ATM
902298,500414,2025-02-26,Debit,40877,UPI
902299,500572,2026-04-30,Credit,26182,UPI
902300,500469,2026-03-04,Credit,42169,ATM
902301,500179,2025-08-10,Debit,36908,NEFT
902302,500533,2025-08-14,Debit,44018,IMPS
902303,500371,2025-09-07,Credit,43174,IMPS
902304,500018,2025-10-19,Credit,22689,ATM
902305,500680,2025-05-01,Credit,45656,IMPS
902306,500625,2026-03-21,Debit,2062,IMPS
902307,500151,2026-02-20,Debit,35784,NEFT
902308,500445,2025-09-30,Credit,36185,ATM
902309,500587,2026-01-23,Debit,26768,UPI
902310,500222,2025-01-16,Debit,28015,UPI
902311,500689,2025-05-30,Credit,34736,Cash
902312,500586,2025-12-11,Credit,16610,NEFT
902313,500274,2026-02-13,Credit,15868,IMPS
902314,500319,2026-06-06,Debit,41128,UPI
902315,500031,2025-06-18,Debit,49404,NEFT
902316,500002,2025-01-07,Debit,39447,ATM
902317,500399,2025-03-06,Credit,7753,ATM
902318,500516,2025-07-26,Credit,5422,NEFT
902319,500627,2025-12-09,Credit,3240,UPI
902320,500385,2026-06-25,Credit,40212,Cash
902321,500083,2025-10-28,Credit,48447,Cash
902322,500056,2026-04-10,Debit,11712,IMPS
902323,500201,2026-03-30,Debit,41189,NEFT
902324,500052,2026-01-13,Credit,41879,Cash
902325,500277,2025-01-18,Debit,28978,ATM
902326,500614,2025-10-16,Debit,10737,UPI
902327,500460,2025-05-24,Debit,27077,NEFT
902328,500611,2025-05-21,Debit,1375,IMPS
902329,500095,2026-05-19,Debit,25296,UPI
902330,500165,2025-03-10,Debit,1589,ATM
902331,500537,2026-07-01,Debit,4501,NEFT
902332,500204,2025-07-27,Debit,15311,UPI
902333,500136,2025-11-18,Debit,46952,NEFT
902334,500208,2025-12-20,Debit,7224,ATM
902335,500558,2025-03-23,Debit,797,NEFT
902336,500169,2025-04-15,Credit,39613,NEFT
902337,500001,2026-01-24,Credit,14443,ATM
902338,500244,2026-06-10,Debit,8774,ATM
902339,500508,2025-12-20,Debit,8047,NEFT
902340,500224,2026-04-04,Credit,43869,IMPS
902341,500304,2025-11-11,Debit,38933,UPI
902342,500173,2025-11-27,Credit,9330,ATM
902343,500302,2026-06-07,Credit,6294,ATM
902344,500283,2025-10-19,Credit,15599,ATM
902345,500210,2025-09-14,Credit,26206,ATM
902346,500548,2025-04-21,Credit,30456,ATM
902347,500684,2026-06-10,Credit,12332,UPI
902348,500015,2025-06-15,Credit,32315,IMPS
902349,500550,2025-07-06,Credit,41274,NEFT
902350,500268,2026-06-16,Debit,11347,IMPS
902351,500560,2025-12-15,Debit,48021,IMPS
902352,500449,2025-08-28,Debit,15280,IMPS
902353,500249,2025-04-28,Credit,35719,Cash
902354,500419,2025-01-30,Debit,15101,IMPS
902355,500461,2025-01-24,Debit,46159,IMPS
902356,500558,2026-03-15,Debit,44713,UPI
902357,500465,2026-05-05,Credit,26488,ATM
902358,500242,2026-02-19,Credit,1113,Cash
902359,500003,2026-01-21,Credit,5628,NEFT
902360,500185,2025-08-18,Debit,21588,NEFT
902361,500089,2026-02-07,Debit,1072,Cash
902362,500553,2026-04-04,Credit,45106,Cash
902363,500415,2025-06-03,Credit,34364,NEFT
902364,500075,2025-05-23,Debit,37315,ATM
902365,500468,2025-02-10,Debit,15515,ATM
902366,500639,2025-10-23,Credit,10476,NEFT
902367,500039,2025-12-05,Credit,39760,NEFT
902368,500679,2026-03-20,Debit,33350,Cash
902369,500664,2025-05-14,Debit,39788,Cash
902370,500625,2026-06-09,Credit,42519,UPI
902371,500291,2025-12-22,Debit,41129,IMPS
902372,500520,2026-04-14,Credit,45665,ATM
902373,500094,2026-01-01,Credit,15519,IMPS
902374,500412,2026-04-04,Debit,31400,NEFT
902375,500553,2025-07-11,Credit,40442,ATM
902376,500282,2026-01-25,Credit,40340,UPI
902377,500643,2026-04-18,Debit,40105,IMPS
902378,500505,2026-01-29,Credit,40970,IMPS
902379,500447,2026-06-02,Debit,47190,NEFT
902380,500133,2025-11-24,Credit,32468,UPI
902381,500659,2026-06-29,Debit,44766,IMPS
902382,500001,2026-02-13,Credit,44817,NEFT
902383,500378,2025-02-23,Debit,2059,Cash
902384,500400,2026-01-26,Debit,45032,ATM
902385,500583,2025-02-09,Credit,44206,UPI
902386,500172,2025-10-14,Credit,49020,Cash
902387,500384,2025-10-02,Debit,12063,IMPS
902388,500403,2026-04-17,Debit,12952,NEFT
902389,500362,2025-10-29,Credit,41931,NEFT
902390,500650,2025-05-17,Debit,25749,NEFT
902391,500200,2025-04-16,Debit,26635,NEFT
902392,500267,2025-03-23,Debit,12329,IMPS
902393,500346,2026-05-10,Credit,22601,ATM
902394,500172,2025-06-25,Debit,38708,NEFT
902395,500228,2025-12-18,Debit,6799,NEFT
902396,500517,2025-04-19,Debit,24297,Cash
902397,500027,2026-05-17,Debit,25415,IMPS
902398,500333,2025-01-17,Debit,49644,ATM
902399,500697,2025-10-22,Debit,14793,UPI
902400,500199,2025-11-10,Credit,44364,IMPS
902401,500591,2025-03-18,Credit,31637,IMPS
902402,500496,2025-06-18,Credit,13151,IMPS
902403,500342,2025-08-30,Debit,2570,UPI
902404,500373,2025-08-04,Debit,20257,UPI
902405,500334,2025-10-28,Debit,7146,Cash
902406,500336,2025-07-27,Credit,14294,NEFT
902407,500375,2025-08-08,Debit,31285,IMPS
902408,500100,2025-09-01,Debit,29416,Cash
902409,500047,2025-01-17,Debit,9909,UPI
902410,500291,2025-03-31,Credit,23290,NEFT
902411,500468,2026-01-28,Credit,45718,IMPS
902412,500537,2026-04-30,Credit,39753,NEFT
902413,500490,2025-01-07,Debit,23757,NEFT
902414,500241,2026-06-11,Debit,26458,NEFT
902415,500141,2025-12-05,Debit,27368,UPI
902416,500333,2026-06-03,Debit,49533,ATM
902417,500552,2026-03-29,Debit,19672,NEFT
902418,500142,2026-05-20,Debit,33537,Cash
902419,500686,2025-10-14,Debit,48130,IMPS
902420,500433,2026-01-08,Debit,46805,IMPS
902421,500295,2025-07-02,Credit,20058,IMPS
902422,500122,2025-03-26,Debit,21877,UPI
902423,500140,2025-01-07,Credit,2909,NEFT
902424,500315,2026-01-17,Credit,38525,NEFT
902425,500075,2025-08-31,Credit,42216,UPI
902426,500334,2025-11-21,Credit,13754,UPI
902427,500332,2025-12-15,Debit,2314,IMPS
902428,500209,2026-03-12,Credit,44795,UPI
902429,500291,2025-11-07,Debit,34166,IMPS
902430,500632,2026-01-28,Debit,38532,IMPS
902431,500503,2025-05-28,Debit,45343,NEFT
902432,500434,2026-04-05,Debit,47244,Cash
902433,500659,2026-02-28,Credit,49048,UPI
902434,500133,2026-01-11,Credit,24271,Cash
902435,500215,2025-03-13,Credit,11429,IMPS
902436,500109,2025-05-17,Credit,4223,NEFT
902437,500205,2025-05-27,Credit,41185,Cash
902438,500640,2025-04-05,Credit,24817,UPI
902439,500093,2026-06-17,Credit,27321,Cash
902440,500502,2025-06-13,Credit,47125,IMPS
902441,500475,2025-12-20,Credit,34998,NEFT
902442,500483,2026-02-18,Credit,43691,ATM
902443,500182,2025-07-05,Debit,31562,ATM
902444,500329,2025-09-24,Debit,36933,Cash
902445,500496,2025-05-19,Debit,10242,IMPS
902446,500034,2025-11-30,Credit,40641,UPI
902447,500524,2026-04-10,Debit,43201,IMPS
902448,500247,2025-04-15,Debit,3579,IMPS
902449,500187,2026-03-27,Credit,42398,ATM
902450,500180,2025-03-06,Debit,45154,NEFT
902451,500204,2026-03-30,Credit,37094,IMPS
902452,500191,2025-01-30,Debit,12013,NEFT
902453,500159,2025-08-08,Debit,11319,UPI
902454,500438,2025-12-01,Credit,42066,Cash
902455,500242,2025-05-28,Credit,11015,Cash
902456,500669,2026-01-08,Credit,37953,IMPS
902457,500209,2025-11-24,Debit,17583,ATM
902458,500126,2026-05-16,Debit,48407,ATM
902459,500225,2025-06-15,Debit,19095,NEFT
902460,500021,2025-12-07,Debit,16739,IMPS
902461,500511,2025-04-30,Credit,29383,IMPS
902462,500597,2026-03-26,Credit,12341,IMPS
902463,500179,2026-03-27,Credit,10722,UPI
902464,500340,2025-09-10,Debit,49890,IMPS
902465,500510,2025-04-26,Credit,32234,Cash
902466,500142,2026-06-16,Credit,8663,NEFT
902467,500029,2025-04-11,Credit,23975,ATM
902468,500056,2025-07-12,Credit,2567,UPI
902469,500272,2026-05-16,Debit,34088,IMPS
902470,500519,2026-03-25,Debit,44900,NEFT
902471,500382,2026-06-11,Debit,12201,NEFT
902472,500653,2026-07-02,Debit,4089,UPI
902473,500207,2025-01-18,Debit,19898,NEFT
902474,500398,2025-03-25,Debit,7274,ATM
902475,500069,2025-12-22,Credit,13865,IMPS
902476,500096,2025-01-24,Credit,42233,IMPS
902477,500172,2025-12-23,Credit,6160,Cash
902478,500204,2026-05-05,Debit,42944,IMPS
902479,500198,2025-02-28,Credit,421,IMPS
902480,500426,2026-04-27,Credit,13889,IMPS
902481,500512,2025-04-06,Credit,9614,ATM
902482,500050,2025-06-04,Credit,7673,NEFT
902483,500162,2025-05-01,Debit,26977,ATM
902484,500677,2025-05-23,Credit,7647,IMPS
902485,500690,2025-04-02,Credit,7486,ATM
902486,500413,2025-04-18,Credit,11942,UPI
902487,500124,2025-02-02,Debit,9012,Cash
902488,500678,2026-06-26,Debit,16397,NEFT
902489,500638,2025-08-08,Credit,19342,IMPS
902490,500198,2026-03-18,Debit,22206,NEFT
902491,500550,2025-01-14,Credit,29941,Cash
902492,500534,2025-04-17,Credit,18584,NEFT
902493,500103,2025-04-03,Debit,1588,IMPS
902494,500700,2026-02-09,Credit,22195,UPI
902495,500591,2025-12-01,Credit,9938,IMPS
902496,500294,2026-01-20,Credit,1221,IMPS
902497,500199,2026-01-11,Debit,47389,ATM
902498,500068,2025-01-02,Credit,47002,IMPS
902499,500611,2025-12-20,Credit,45618,IMPS
902500,500509,2025-01-18,Credit,15098,ATM
902501,500122,2025-05-26,Debit,12601,ATM
902502,500368,2025-12-01,Debit,25486,Cash
902503,500134,2025-08-06,Credit,17097,UPI
902504,500160,2025-01-27,Credit,31678,UPI
902505,500433,2025-05-07,Debit,40355,NEFT
902506,500491,2025-08-25,Debit,18314,UPI
902507,500171,2025-03-04,Debit,47209,UPI
902508,500442,2026-03-13,Credit,27123,NEFT
902509,500134,2025-05-10,Debit,34902,UPI
902510,500351,2025-11-24,Debit,10493,UPI
902511,500228,2025-10-20,Credit,16464,UPI
902512,500128,2025-01-18,Debit,26677,ATM
902513,500578,2026-04-08,Debit,27834,Cash
902514,500638,2025-03-08,Debit,29120,IMPS
902515,500694,2025-12-23,Debit,18780,ATM
902516,500177,2025-09-10,Debit,31529,UPI
902517,500141,2025-09-15,Debit,28554,UPI
902518,500114,2025-02-15,Credit,7866,IMPS
902519,500126,2025-02-09,Credit,1846,ATM
902520,500568,2025-08-24,Credit,29547,ATM
902521,500283,2025-04-03,Debit,10708,ATM
902522,500529,2025-02-13,Credit,33972,UPI
902523,500687,2026-01-11,Debit,7138,NEFT
902524,500607,2025-02-01,Credit,22560,UPI
902525,500475,2025-03-28,Credit,33416,UPI
902526,500419,2026-04-09,Credit,16254,UPI
902527,500474,2025-08-23,Debit,5323,UPI
902528,500295,2026-01-05,Debit,32345,Cash
902529,500205,2026-02-15,Credit,7584,NEFT
902530,500026,2025-01-18,Debit,12009,Cash
902531,500545,2026-06-25,Debit,29382,ATM
902532,500440,2025-09-17,Debit,2045,NEFT
902533,500124,2025-01-06,Debit,13139,NEFT
902534,500622,2026-02-17,Credit,28901,Cash
902535,500448,2026-02-08,Debit,9859,UPI
902536,500362,2025-03-07,Credit,9158,ATM
902537,500020,2025-02-02,Credit,17532,ATM
902538,500425,2026-03-12,Credit,20455,Cash
902539,500642,2025-01-26,Credit,7733,UPI
902540,500458,2026-05-13,Debit,8247,Cash
902541,500039,2025-01-21,Debit,38475,NEFT
902542,500557,2025-03-11,Debit,37728,UPI
902543,500323,2025-09-13,Credit,20853,NEFT
902544,500044,2025-09-19,Credit,38743,Cash
902545,500663,2026-05-24,Debit,39821,IMPS
902546,500505,2025-08-18,Credit,13119,ATM
902547,500605,2026-03-26,Credit,27269,ATM
902548,500618,2025-10-27,Credit,27027,ATM
902549,500102,2025-06-02,Credit,31882,Cash
902550,500051,2026-05-12,Debit,37522,Cash
902551,500255,2025-08-27,Credit,21223,ATM
902552,500188,2025-08-04,Debit,38298,IMPS
902553,500117,2026-04-02,Credit,4490,Cash
902554,500170,2026-03-18,Credit,1824,NEFT
902555,500479,2025-02-22,Debit,35525,NEFT
902556,500109,2025-04-02,Debit,3699,NEFT
902557,500677,2025-01-29,Debit,6331,IMPS
902558,500086,2025-08-29,Debit,44949,IMPS
902559,500586,2026-06-10,Debit,9707,UPI
902560,500086,2026-04-01,Credit,48003,IMPS
902561,500516,2025-10-24,Credit,4727,IMPS
902562,500409,2025-09-24,Debit,35168,NEFT
902563,500165,2025-05-04,Debit,23434,IMPS
902564,500526,2025-08-27,Debit,33316,Cash
902565,500449,2025-01-12,Credit,4144,UPI
902566,500266,2025-02-17,Debit,31184,Cash
902567,500485,2025-04-06,Credit,12480,ATM
902568,500577,2025-03-29,Debit,39138,ATM
902569,500094,2025-03-28,Credit,33582,ATM
902570,500691,2025-10-04,Credit,39415,ATM
902571,500574,2026-06-01,Credit,30466,ATM
902572,500593,2026-05-04,Credit,17606,UPI
902573,500603,2025-12-30,Credit,46852,UPI
902574,500265,2025-04-01,Debit,7472,Cash
902575,500438,2025-02-15,Debit,36265,NEFT
902576,500182,2026-05-15,Debit,44283,IMPS
902577,500572,2025-08-18,Debit,47473,ATM
902578,500363,2025-04-20,Debit,38178,ATM
902579,500187,2025-10-27,Credit,39732,ATM
902580,500656,2025-10-17,Debit,25248,IMPS
902581,500255,2025-09-29,Debit,1779,Cash
902582,500464,2026-06-08,Debit,10041,UPI
902583,500455,2025-01-12,Credit,36854,Cash
902584,500105,2026-01-31,Credit,10573,Cash
902585,500594,2025-09-06,Debit,18136,IMPS
902586,500560,2025-05-09,Credit,33033,IMPS
902587,500228,2025-09-30,Debit,35011,IMPS
902588,500234,2025-02-12,Debit,9108,Cash
902589,500405,2026-05-07,Credit,49441,IMPS
902590,500456,2025-03-11,Debit,1545,IMPS
902591,500065,2025-04-02,Debit,4940,NEFT
902592,500116,2025-09-12,Debit,43431,IMPS
902593,500656,2025-06-17,Credit,46940,ATM
902594,500111,2025-08-27,Credit,31236,ATM
902595,500001,2025-12-16,Credit,16393,UPI
902596,500261,2025-11-25,Credit,26354,Cash
902597,500023,2025-06-19,Debit,18346,Cash
902598,500508,2025-05-29,Debit,8263,IMPS
902599,500100,2026-03-16,Debit,42717,UPI
902600,500198,2025-10-24,Debit,1951,IMPS
902601,500427,2026-02-16,Credit,30904,ATM
902602,500067,2026-06-13,Credit,45987,Cash
902603,500609,2025-02-12,Credit,26360,ATM
902604,500565,2025-05-29,Credit,17892,UPI
902605,500454,2025-10-05,Debit,33980,UPI
902606,500232,2025-12-01,Credit,25955,ATM
902607,500272,2026-03-09,Credit,45901,IMPS
902608,500406,2026-03-27,Debit,33308,ATM
902609,500581,2025-11-16,Credit,21551,Cash
902610,500603,2025-09-25,Debit,43347,UPI
902611,500114,2025-05-08,Credit,47441,IMPS
902612,500696,2025-07-04,Credit,45152,ATM
902613,500370,2025-09-10,Debit,45632,UPI
902614,500360,2025-04-27,Credit,31195,UPI
902615,500433,2025-03-05,Credit,39159,IMPS
902616,500569,2026-02-09,Credit,27706,Cash
902617,500255,2026-02-25,Credit,6654,IMPS
902618,500594,2025-09-24,Debit,24504,IMPS
902619,500058,2026-01-24,Debit,603,UPI
902620,500026,2025-11-05,Credit,19676,IMPS
902621,500595,2025-09-14,Credit,3177,Cash
902622,500386,2026-01-20,Debit,48633,IMPS
902623,500629,2026-03-22,Debit,32704,ATM
902624,500052,2025-12-01,Debit,17279,NEFT
902625,500015,2025-11-15,Debit,27860,Cash
902626,500502,2026-03-30,Debit,35326,UPI
902627,500585,2026-04-07,Debit,21001,NEFT
902628,500197,2026-06-03,Credit,27962,NEFT
902629,500249,2026-01-14,Debit,26605,ATM
902630,500134,2025-07-08,Debit,22153,Cash
902631,500056,2025-04-22,Debit,41559,Cash
902632,500619,2025-12-22,Credit,3619,UPI
902633,500692,2026-03-12,Credit,12338,UPI
902634,500180,2025-06-05,Debit,11964,ATM
902635,500439,2026-05-05,Debit,20456,ATM
902636,500138,2025-11-20,Credit,25668,UPI
902637,500107,2025-03-22,Credit,18511,UPI
902638,500095,2026-01-17,Debit,35057,IMPS
902639,500655,2026-02-02,Credit,501,IMPS
902640,500016,2025-04-21,Debit,38688,IMPS
902641,500406,2026-05-08,Debit,36723,NEFT
902642,500201,2025-03-23,Credit,37969,IMPS
902643,500367,2026-03-31,Credit,18004,ATM
902644,500139,2026-02-23,Debit,10855,ATM
902645,500078,2025-05-31,Credit,10888,UPI
902646,500209,2026-06-26,Debit,15095,ATM
902647,500351,2025-08-22,Debit,22757,IMPS
902648,500396,2026-06-30,Credit,30325,IMPS
902649,500359,2025-06-22,Debit,17449,IMPS
902650,500180,2025-11-14,Credit,8187,IMPS
902651,500239,2026-05-31,Debit,16694,Cash
902652,500275,2025-02-18,Credit,44390,ATM
902653,500261,2025-11-09,Debit,18791,ATM
902654,500347,2025-05-30,Credit,5126,UPI
902655,500144,2025-07-18,Credit,46822,ATM
902656,500293,2026-07-05,Debit,44806,IMPS
902657,500087,2026-04-07,Debit,26192,NEFT
902658,500249,2025-10-28,Credit,32165,NEFT
902659,500032,2025-07-16,Debit,44997,NEFT
902660,500075,2026-05-02,Debit,46906,UPI
902661,500671,2025-03-04,Credit,39863,ATM
902662,500253,2025-02-12,Debit,21658,NEFT
902663,500034,2026-01-31,Credit,21399,IMPS
902664,500516,2025-05-29,Debit,41002,NEFT
902665,500339,2025-08-24,Debit,874,UPI
902666,500650,2025-04-17,Credit,46968,ATM
902667,500452,2026-05-01,Debit,33797,UPI
902668,500436,2025-12-20,Credit,18374,Cash
902669,500261,2026-01-04,Debit,17263,ATM
902670,500055,2026-06-29,Credit,35167,Cash
902671,500068,2026-05-02,Credit,29613,IMPS
902672,500110,2025-01-16,Debit,15889,IMPS
902673,500127,2025-05-31,Debit,33021,IMPS
902674,500677,2025-09-19,Debit,40869,IMPS
902675,500594,2026-03-12,Credit,45359,IMPS
902676,500063,2025-11-10,Debit,31638,IMPS
902677,500137,2026-05-06,Credit,18072,ATM
902678,500698,2025-05-21,Debit,24796,NEFT
902679,500038,2025-04-02,Debit,46661,Cash
902680,500180,2025-10-02,Credit,13451,IMPS
902681,500665,2025-08-20,Debit,10764,IMPS
902682,500242,2025-09-01,Credit,9992,UPI
902683,500662,2026-05-27,Credit,25783,NEFT
902684,500581,2025-08-04,Credit,33987,IMPS
902685,500051,2025-08-06,Credit,9648,UPI
902686,500046,2025-04-30,Credit,12231,NEFT
902687,500180,2025-01-03,Credit,4230,IMPS
902688,500396,2026-04-18,Debit,24964,UPI
902689,500047,2025-01-31,Debit,46949,ATM
902690,500125,2025-01-12,Credit,19464,NEFT
902691,500382,2026-01-28,Credit,19024,UPI
902692,500241,2025-10-24,Debit,42690,NEFT
902693,500657,2025-03-29,Credit,31726,Cash
902694,500432,2025-05-22,Credit,20734,Cash
902695,500419,2025-11-20,Credit,2385,UPI
902696,500204,2025-01-18,Debit,49356,ATM
902697,500187,2025-01-04,Debit,18381,Cash
902698,500603,2026-01-24,Debit,4984,Cash
902699,500021,2025-02-17,Debit,28467,ATM
902700,500433,2025-10-03,Credit,4938,UPI
902701,500663,2026-02-07,Debit,19701,UPI
902702,500093,2025-08-19,Debit,203,ATM
902703,500555,2025-11-28,Credit,26237,IMPS
902704,500606,2025-10-03,Debit,2849,IMPS
902705,500630,2025-01-16,Debit,36911,NEFT
902706,500441,2026-03-06,Credit,19380,IMPS
902707,500145,2026-01-22,Debit,10540,ATM
902708,500622,2026-04-16,Credit,34700,NEFT
902709,500553,2026-03-20,Credit,31064,IMPS
902710,500699,2026-05-12,Credit,23960,UPI
902711,500380,2026-03-16,Credit,23890,ATM
902712,500080,2026-04-11,Debit,1631,IMPS
902713,500243,2025-05-10,Credit,5800,NEFT
902714,500442,2026-01-03,Debit,41457,IMPS
902715,500592,2025-07-11,Debit,1062,Cash
902716,500081,2025-01-06,Debit,9222,UPI
902717,500473,2026-01-05,Debit,33555,Cash
902718,500121,2026-04-17,Debit,30044,Cash
902719,500093,2025-05-22,Debit,19550,ATM
902720,500617,2025-07-09,Credit,6428,IMPS
902721,500690,2025-05-29,Debit,6122,IMPS
902722,500607,2026-02-17,Credit,28656,Cash
902723,500182,2025-06-16,Credit,39628,ATM
902724,500343,2026-06-09,Credit,29543,UPI
902725,500271,2026-01-11,Debit,8743,UPI
902726,500567,2025-12-21,Debit,24534,ATM
902727,500047,2025-11-23,Debit,33247,NEFT
902728,500003,2025-05-25,Credit,24162,ATM
902729,500001,2025-01-19,Credit,4252,ATM
902730,500225,2025-12-17,Debit,18129,UPI
902731,500471,2025-06-25,Credit,9013,Cash
902732,500482,2025-07-01,Credit,36799,IMPS
902733,500336,2025-10-14,Credit,3928,UPI
902734,500498,2026-06-17,Credit,10645,Cash
902735,500464,2025-09-04,Credit,9029,ATM
902736,500075,2026-02-03,Debit,509,ATM
902737,500068,2025-03-02,Debit,36961,UPI
902738,500094,2025-04-29,Debit,167,IMPS
902739,500183,2026-04-20,Credit,43153,UPI
902740,500323,2025-07-10,Debit,5399,UPI
902741,500372,2025-08-21,Debit,3589,IMPS
902742,500140,2025-07-24,Credit,2251,ATM
902743,500073,2026-03-17,Debit,44696,UPI
902744,500005,2026-05-11,Debit,46018,UPI
902745,500517,2025-11-16,Debit,45917,Cash
902746,500233,2025-05-25,Debit,27179,IMPS
902747,500569,2025-08-07,Debit,22684,NEFT
902748,500610,2025-09-21,Debit,31047,UPI
902749,500424,2025-04-01,Credit,31172,NEFT
902750,500319,2025-03-26,Credit,47636,UPI
902751,500037,2025-09-22,Debit,3075,NEFT
902752,500361,2026-02-17,Credit,44966,NEFT
902753,500071,2026-04-25,Debit,14081,Cash
902754,500449,2025-09-20,Credit,22211,NEFT
902755,500431,2026-06-27,Credit,26683,Cash
902756,500559,2026-03-22,Credit,48946,ATM
902757,500459,2025-07-18,Credit,47138,Cash
902758,500307,2026-05-31,Credit,35958,Cash
902759,500182,2025-11-22,Credit,25175,Cash
902760,500416,2025-05-22,Credit,21782,Cash
902761,500055,2026-04-02,Debit,18233,UPI
902762,500403,2026-01-04,Debit,40724,Cash
902763,500361,2025-03-23,Debit,26122,NEFT
902764,500211,2025-07-07,Credit,39032,UPI
902765,500554,2025-12-08,Debit,7121,UPI
902766,500506,2025-11-13,Credit,43752,IMPS
902767,500105,2025-08-28,Credit,5561,UPI
902768,500474,2026-06-04,Debit,6309,IMPS
902769,500020,2025-05-26,Debit,19428,ATM
902770,500699,2026-02-03,Credit,45106,NEFT
902771,500173,2025-01-25,Debit,47094,IMPS
902772,500380,2025-08-28,Debit,17666,UPI
902773,500699,2025-07-01,Credit,5519,NEFT
902774,500187,2026-03-25,Debit,37186,Cash
902775,500061,2025-01-11,Credit,27473,UPI
902776,500081,2025-11-24,Credit,22202,NEFT
902777,500188,2025-12-22,Debit,28945,IMPS
902778,500348,2025-02-02,Debit,18615,UPI
902779,500505,2025-04-13,Debit,46249,NEFT
902780,500133,2026-04-20,Credit,23290,IMPS
902781,500691,2026-01-10,Credit,15212,UPI
902782,500050,2025-01-10,Debit,18964,IMPS
902783,500222,2025-11-08,Credit,13421,IMPS
902784,500122,2025-01-04,Debit,22920,NEFT
902785,500033,2025-08-08,Debit,3088,IMPS
902786,500627,2025-10-19,Credit,4819,IMPS
902787,500308,2025-04-07,Credit,42956,Cash
902788,500631,2025-06-28,Debit,22782,NEFT
902789,500383,2025-12-15,Credit,3095,Cash
902790,500398,2025-03-14,Credit,3987,ATM
902791,500499,2025-01-14,Credit,26169,IMPS
902792,500439,2025-03-02,Credit,35930,ATM
902793,500450,2026-05-04,Debit,2989,NEFT
902794,500491,2026-05-28,Debit,45607,NEFT
902795,500224,2025-07-18,Debit,20203,IMPS
902796,500384,2025-08-19,Credit,282,ATM
902797,500503,2026-04-15,Debit,49826,NEFT
902798,500343,2025-12-02,Credit,14384,NEFT
902799,500649,2025-12-23,Credit,4876,ATM
902800,500218,2026-01-24,Debit,16818,NEFT
902801,500401,2025-07-08,Debit,7031,ATM
902802,500551,2025-09-18,Credit,38249,UPI
902803,500643,2025-07-11,Credit,14441,NEFT
902804,500316,2025-12-05,Credit,4670,UPI
902805,500033,2025-02-10,Debit,44452,UPI
902806,500365,2025-09-08,Credit,41859,IMPS
902807,500570,2026-02-28,Debit,16023,UPI
902808,500156,2025-04-30,Credit,25267,ATM
902809,500455,2025-08-14,Credit,40487,UPI
902810,500289,2025-12-09,Debit,21994,IMPS
902811,500570,2026-04-07,Debit,37166,NEFT
902812,500090,2025-06-25,Debit,20526,NEFT
902813,500405,2025-02-17,Credit,15846,ATM
902814,500688,2025-07-03,Credit,45596,NEFT
902815,500469,2026-01-14,Debit,34222,NEFT
902816,500080,2025-09-19,Debit,30467,UPI
902817,500611,2025-05-10,Credit,29258,UPI
902818,500094,2025-12-19,Credit,14888,IMPS
902819,500007,2025-07-05,Credit,28375,NEFT
902820,500102,2025-06-25,Credit,23206,IMPS
902821,500128,2026-06-19,Debit,47468,UPI
902822,500375,2025-04-07,Debit,7074,UPI
902823,500516,2026-03-24,Credit,35196,Cash
902824,500341,2025-03-25,Debit,37388,ATM
902825,500482,2025-06-21,Credit,25116,IMPS
902826,500530,2025-02-15,Credit,49279,Cash
902827,500243,2026-05-06,Credit,4501,IMPS
902828,500385,2025-06-08,Debit,11396,IMPS
902829,500283,2025-12-06,Debit,3600,UPI
902830,500527,2025-05-22,Credit,47442,ATM
902831,500167,2025-01-02,Credit,11741,IMPS
902832,500219,2025-10-29,Credit,41077,NEFT
902833,500139,2025-06-09,Credit,16612,UPI
902834,500285,2025-10-13,Debit,18368,NEFT
902835,500135,2026-06-22,Credit,4427,ATM
902836,500369,2025-07-20,Credit,44214,NEFT
902837,500643,2025-01-14,Credit,2466,NEFT
902838,500052,2025-10-11,Credit,14453,NEFT
902839,500134,2026-03-26,Debit,23638,NEFT
902840,500106,2025-09-07,Debit,47145,NEFT
902841,500043,2025-05-14,Credit,27489,Cash
902842,500049,2026-02-21,Debit,26043,NEFT
902843,500003,2025-02-28,Debit,46974,IMPS
902844,500237,2026-03-27,Debit,30220,Cash
902845,500408,2025-04-09,Credit,8752,UPI
902846,500024,2025-06-15,Credit,27344,UPI
902847,500481,2025-11-02,Debit,39953,UPI
902848,500163,2026-06-28,Credit,7920,UPI
902849,500270,2025-09-11,Debit,4483,IMPS
902850,500397,2026-02-06,Credit,9985,IMPS
902851,500084,2025-07-27,Credit,27611,ATM
902852,500015,2026-05-29,Credit,24144,ATM
902853,500571,2026-01-13,Debit,25872,ATM
902854,500042,2026-01-28,Credit,46003,ATM
902855,500157,2025-03-28,Debit,23827,Cash
902856,500062,2025-11-07,Debit,16794,Cash
902857,500672,2025-02-07,Debit,28377,ATM
902858,500202,2025-11-10,Credit,47107,NEFT
902859,500582,2026-03-03,Debit,659,Cash
902860,500663,2026-01-21,Credit,29828,NEFT
902861,500133,2025-06-22,Debit,8927,ATM
902862,500121,2025-04-01,Debit,9724,Cash
902863,500222,2026-02-25,Credit,48520,Cash
902864,500671,2025-11-25,Debit,44238,NEFT
902865,500104,2026-06-12,Credit,35083,ATM
902866,500609,2025-04-11,Debit,9767,NEFT
902867,500319,2025-03-28,Debit,17379,NEFT
902868,500206,2025-12-13,Credit,8880,Cash
902869,500472,2025-07-11,Debit,43793,UPI
902870,500374,2026-06-29,Credit,14839,NEFT
902871,500267,2025-07-27,Credit,45288,NEFT
902872,500080,2025-03-22,Debit,43908,IMPS
902873,500512,2026-02-20,Credit,24601,Cash
902874,500379,2026-04-24,Debit,45308,IMPS
902875,500692,2025-10-03,Debit,21780,ATM
902876,500412,2025-10-02,Debit,13165,Cash
902877,500246,2026-03-24,Debit,37083,ATM
902878,500278,2026-02-07,Debit,47818,IMPS
902879,500515,2026-01-27,Credit,28339,NEFT
902880,500288,2025-05-10,Credit,11705,Cash
902881,500293,2026-01-14,Credit,35193,UPI
902882,500587,2025-12-07,Debit,33395,UPI
902883,500350,2025-07-09,Debit,39155,NEFT
902884,500331,2026-01-16,Debit,26122,Cash
902885,500458,2025-07-06,Credit,15797,UPI
902886,500465,2025-10-10,Credit,15802,Cash
902887,500603,2025-05-02,Debit,12000,ATM
902888,500126,2025-10-20,Credit,43858,Cash
902889,500667,2025-07-20,Credit,10416,ATM
902890,500120,2025-11-05,Debit,20347,NEFT
902891,500058,2026-04-09,Debit,14518,ATM
902892,500232,2025-04-17,Credit,2065,IMPS
902893,500662,2025-05-05,Debit,34888,Cash
902894,500172,2025-05-26,Credit,5303,Cash
902895,500563,2026-04-03,Credit,36602,Cash
902896,500326,2025-06-10,Credit,23873,Cash
902897,500181,2026-03-20,Debit,17123,Cash
902898,500697,2026-05-26,Credit,7468,ATM
902899,500199,2025-06-17,Credit,45418,IMPS
902900,500421,2025-12-16,Credit,14685,ATM
902901,500474,2026-04-09,Credit,37934,ATM
902902,500410,2025-11-28,Debit,12440,NEFT
902903,500480,2025-01-04,Credit,18362,UPI
902904,500662,2025-02-17,Debit,10094,ATM
902905,500550,2025-03-06,Credit,24183,Cash
902906,500665,2026-06-16,Credit,2483,UPI
902907,500156,2026-05-11,Credit,47907,NEFT
902908,500068,2025-11-13,Credit,21057,ATM
902909,500679,2025-07-19,Credit,27980,UPI
902910,500619,2025-11-05,Credit,37695,UPI
902911,500223,2026-02-12,Credit,32499,NEFT
902912,500036,2025-07-23,Credit,13083,ATM
902913,500638,2025-12-21,Debit,46577,NEFT
902914,500531,2026-02-05,Credit,47341,UPI
902915,500616,2025-07-10,Debit,16230,Cash
902916,500131,2026-01-18,Debit,43306,NEFT
902917,500241,2025-06-01,Credit,9981,ATM
902918,500233,2025-07-14,Credit,193,Cash
902919,500373,2026-05-01,Credit,23302,NEFT
902920,500133,2025-08-21,Debit,28072,UPI
902921,500520,2025-12-25,Credit,30871,ATM
902922,500094,2025-02-20,Debit,3085,IMPS
902923,500192,2026-02-03,Debit,8016,IMPS
902924,500163,2025-07-24,Debit,2628,UPI
902925,500015,2026-05-19,Credit,10321,ATM
902926,500103,2025-12-29,Credit,36687,IMPS
902927,500648,2025-07-07,Credit,32408,ATM
902928,500269,2026-07-01,Debit,26480,ATM
902929,500206,2025-11-29,Debit,49497,Cash
902930,500135,2025-05-29,Credit,14301,NEFT
902931,500146,2025-06-15,Credit,41698,UPI
902932,500623,2025-10-27,Debit,10190,Cash
902933,500574,2025-06-07,Credit,11807,Cash
902934,500415,2025-02-28,Debit,12095,IMPS
902935,500346,2025-08-05,Debit,43097,UPI
902936,500399,2025-09-06,Debit,16132,UPI
902937,500664,2025-04-28,Credit,17896,ATM
902938,500504,2025-10-10,Credit,15587,UPI
902939,500498,2025-11-19,Credit,36727,Cash
902940,500125,2025-11-28,Credit,988,UPI
902941,500226,2026-01-30,Credit,26399,UPI
902942,500521,2025-10-21,Debit,15123,IMPS
902943,500485,2026-01-10,Debit,4245,Cash
902944,500284,2026-05-03,Credit,23793,Cash
902945,500258,2025-03-16,Credit,41139,UPI
902946,500378,2025-03-30,Debit,47310,Cash
902947,500074,2025-03-21,Debit,21723,ATM
902948,500279,2025-01-18,Credit,37863,ATM
902949,500607,2025-08-05,Debit,29647,IMPS
902950,500509,2026-01-02,Credit,4045,ATM
902951,500001,2025-05-21,Credit,16721,NEFT
902952,500446,2025-06-12,Credit,4760,IMPS
902953,500668,2026-05-24,Credit,9009,UPI
902954,500154,2025-11-11,Credit,13324,IMPS
902955,500250,2026-03-17,Debit,30427,IMPS
902956,500581,2026-04-10,Debit,2481,IMPS
902957,500536,2026-05-01,Credit,4962,NEFT
902958,500437,2026-05-18,Debit,15260,UPI
902959,500617,2025-07-09,Credit,28794,ATM
902960,500692,2025-01-29,Debit,22324,IMPS
902961,500544,2026-07-02,Debit,42616,IMPS
902962,500431,2025-12-27,Credit,41872,NEFT
902963,500647,2025-11-13,Credit,7655,IMPS
902964,500094,2026-01-27,Debit,20335,NEFT
902965,500032,2026-06-09,Debit,12007,NEFT
902966,500128,2025-05-29,Credit,10490,UPI
902967,500601,2025-03-12,Debit,1641,Cash
902968,500498,2026-01-23,Debit,18632,IMPS
902969,500656,2026-04-13,Debit,31553,UPI
902970,500052,2025-01-02,Credit,27681,IMPS
902971,500476,2026-02-10,Debit,20362,IMPS
902972,500682,2026-03-22,Debit,26374,Cash
902973,500587,2026-04-04,Debit,20384,UPI
902974,500430,2025-07-26,Debit,22877,ATM
902975,500035,2025-09-21,Debit,2264,UPI
902976,500417,2025-09-08,Debit,20726,NEFT
902977,500482,2025-07-23,Credit,38691,ATM
902978,500279,2026-03-13,Credit,30535,ATM
902979,500081,2025-04-23,Debit,9101,IMPS
902980,500390,2025-08-17,Debit,13593,UPI
902981,500380,2026-04-23,Credit,11847,Cash
902982,500359,2025-04-23,Credit,34769,NEFT
902983,500474,2026-02-28,Credit,28055,Cash
902984,500241,2025-03-22,Debit,40344,Cash
902985,500538,2025-12-10,Debit,22951,Cash
902986,500424,2026-03-22,Credit,19664,Cash
902987,500269,2025-10-27,Credit,20245,Cash
902988,500075,2025-11-09,Credit,26020,IMPS
902989,500618,2025-09-08,Credit,46347,Cash
902990,500283,2026-04-07,Debit,14938,IMPS
902991,500277,2026-02-24,Debit,1225,IMPS
902992,500693,2025-06-25,Credit,14814,UPI
902993,500608,2025-12-03,Debit,8508,IMPS
902994,500489,2025-08-12,Debit,6637,NEFT
902995,500162,2025-04-17,Credit,49923,IMPS
902996,500457,2025-05-13,Credit,45403,NEFT
902997,500118,2026-05-06,Credit,31487,Cash
902998,500309,2026-06-16,Debit,12729,Cash
902999,500646,2026-02-27,Debit,22164,ATM
903000,500600,2025-05-16,Credit,2543,NEFT
903001,500011,2025-02-13,Debit,18328,IMPS
903002,500444,2025-11-08,Debit,4300,NEFT
903003,500626,2025-08-17,Credit,1894,NEFT
903004,500365,2025-04-20,Credit,7623,NEFT
903005,500473,2025-12-08,Debit,23446,IMPS
903006,500610,2026-02-06,Credit,21777,IMPS
903007,500346,2026-04-28,Credit,36497,ATM
903008,500081,2025-08-12,Credit,17210,Cash
903009,500566,2025-11-02,Credit,17098,Cash
903010,500407,2026-02-02,Credit,5647,UPI
903011,500229,2026-01-15,Credit,13515,Cash
903012,500188,2025-07-15,Debit,10426,NEFT
903013,500035,2025-09-12,Credit,20417,ATM
903014,500300,2025-07-07,Debit,26745,NEFT
903015,500672,2025-04-21,Credit,19843,NEFT
903016,500680,2026-04-07,Debit,33158,ATM
903017,500554,2025-01-29,Credit,36286,Cash
903018,500145,2025-10-15,Debit,49465,IMPS
903019,500052,2025-06-06,Credit,42477,ATM
903020,500449,2025-10-20,Credit,30627,Cash
903021,500193,2025-02-08,Debit,13720,Cash
903022,500060,2025-06-08,Credit,35264,Cash
903023,500049,2025-06-17,Credit,36740,IMPS
903024,500288,2026-03-09,Debit,22273,NEFT
903025,500460,2025-12-11,Credit,13139,NEFT
903026,500137,2026-06-17,Credit,40968,NEFT
903027,500010,2025-05-20,Credit,8910,Cash
903028,500411,2025-04-21,Credit,13496,UPI
903029,500236,2025-01-23,Credit,13028,Cash
903030,500419,2026-04-25,Debit,4538,UPI
903031,500687,2026-03-15,Debit,24033,UPI
903032,500449,2026-03-14,Credit,31451,IMPS
903033,500625,2025-12-22,Debit,16426,UPI
903034,500178,2025-10-12,Debit,13902,UPI
903035,500081,2025-06-27,Credit,48250,IMPS
903036,500570,2025-09-22,Debit,11282,NEFT
903037,500030,2025-08-10,Debit,47072,NEFT
903038,500048,2025-05-11,Debit,30145,UPI
903039,500596,2025-01-17,Credit,29867,NEFT
903040,500168,2025-05-16,Debit,3515,Cash
903041,500060,2026-03-26,Debit,17070,IMPS
903042,500474,2025-04-15,Debit,42186,ATM
903043,500329,2025-09-24,Debit,7038,IMPS
903044,500616,2025-07-07,Debit,3379,ATM
903045,500369,2025-08-21,Debit,10198,ATM
903046,500645,2025-06-01,Debit,33247,UPI
903047,500185,2025-06-09,Debit,39342,UPI
903048,500599,2025-12-18,Debit,25934,IMPS
903049,500289,2025-09-18,Credit,16313,ATM
903050,500256,2025-07-12,Debit,37678,UPI
903051,500191,2025-04-13,Credit,5640,UPI
903052,500049,2025-05-03,Debit,33753,UPI
903053,500242,2025-12-21,Debit,48776,IMPS
903054,500052,2025-03-17,Debit,3342,ATM
903055,500299,2025-02-06,Credit,39307,NEFT
903056,500361,2025-04-17,Debit,45611,Cash
903057,500183,2025-11-22,Credit,32474,UPI
903058,500177,2025-06-29,Credit,32358,ATM
903059,500261,2025-09-13,Credit,36640,ATM
903060,500187,2025-06-17,Credit,23739,Cash
903061,500154,2025-05-28,Credit,24720,NEFT
903062,500386,2025-11-25,Debit,38838,ATM
903063,500197,2025-07-19,Credit,45474,IMPS
903064,500201,2025-07-27,Debit,19395,Cash
903065,500454,2025-01-19,Debit,33012,IMPS
903066,500512,2026-06-05,Debit,869,Cash
903067,500476,2025-01-22,Credit,776,Cash
903068,500629,2026-01-22,Debit,4777,IMPS
903069,500321,2025-07-14,Debit,32660,Cash
903070,500639,2025-07-06,Debit,28092,NEFT
903071,500164,2025-11-21,Debit,15381,Cash
903072,500190,2026-04-09,Debit,31174,Cash
903073,500175,2025-06-13,Debit,37274,NEFT
903074,500018,2026-03-05,Credit,26272,Cash
903075,500556,2025-03-27,Credit,39722,NEFT
903076,500029,2026-01-13,Credit,9989,IMPS
903077,500293,2025-04-30,Credit,21240,ATM
903078,500224,2025-02-13,Credit,38858,Cash
903079,500324,2026-02-16,Credit,28666,NEFT
903080,500475,2025-06-07,Debit,11395,IMPS
903081,500304,2025-07-04,Credit,28376,ATM
903082,500078,2025-12-10,Debit,40961,IMPS
903083,500028,2025-12-14,Credit,12848,NEFT
903084,500110,2025-08-17,Credit,2957,Cash
903085,500588,2026-07-02,Credit,46261,NEFT
903086,500066,2025-03-27,Credit,10050,UPI
903087,500178,2025-03-20,Debit,49198,Cash
903088,500524,2025-04-26,Debit,35379,NEFT
903089,500446,2026-03-04,Debit,26410,Cash
903090,500009,2025-04-17,Credit,34889,Cash
903091,500269,2026-07-05,Credit,25623,Cash
903092,500313,2025-05-17,Credit,2890,ATM
903093,500182,2026-05-30,Debit,29082,IMPS
903094,500492,2025-09-08,Debit,34229,Cash
903095,500398,2026-02-16,Debit,26268,Cash
903096,500122,2026-03-22,Credit,14367,Cash
903097,500675,2025-07-04,Credit,40110,NEFT
903098,500447,2025-05-29,Credit,5021,NEFT
903099,500188,2025-01-18,Debit,45331,UPI
903100,500047,2025-10-19,Credit,40190,Cash
903101,500545,2025-08-11,Credit,18542,ATM
903102,500524,2025-04-25,Credit,30971,IMPS
903103,500458,2025-06-07,Debit,38643,IMPS
903104,500609,2025-10-12,Credit,42809,NEFT
903105,500527,2025-07-23,Credit,48292,IMPS
903106,500021,2025-02-28,Credit,28410,ATM
903107,500420,2025-01-22,Credit,46383,UPI
903108,500064,2025-01-06,Debit,12991,NEFT
903109,500553,2025-12-11,Credit,35749,ATM
903110,500194,2025-04-09,Credit,21187,UPI
903111,500335,2025-07-03,Debit,16108,IMPS
903112,500241,2025-01-02,Debit,36351,NEFT
903113,500428,2025-06-25,Credit,4008,ATM
903114,500408,2026-07-01,Debit,10848,ATM
903115,500447,2025-09-07,Credit,11720,IMPS
903116,500212,2026-05-29,Debit,44217,NEFT
903117,500220,2026-05-11,Debit,49054,UPI
903118,500518,2025-12-11,Credit,41460,IMPS
903119,500413,2025-07-01,Debit,29910,UPI
903120,500254,2026-03-21,Debit,7221,UPI
903121,500077,2025-07-14,Credit,43604,IMPS
903122,500161,2025-07-25,Credit,47082,IMPS
903123,500157,2025-04-12,Credit,22993,NEFT
903124,500473,2025-03-06,Debit,21423,UPI
903125,500416,2026-05-09,Debit,25373,UPI
903126,500667,2025-02-14,Debit,49613,Cash
903127,500596,2025-06-21,Credit,41702,IMPS
903128,500536,2025-04-13,Debit,16311,UPI
903129,500637,2025-05-11,Debit,39860,ATM
903130,500420,2025-04-30,Debit,33075,UPI
903131,500361,2026-03-06,Credit,35556,Cash
903132,500359,2026-05-25,Credit,48231,UPI
903133,500155,2026-02-05,Debit,24259,ATM
903134,500547,2026-01-29,Credit,40184,Cash
903135,500589,2025-04-07,Credit,21312,ATM
903136,500210,2025-11-12,Credit,22606,Cash
903137,500229,2025-10-07,Debit,41274,UPI
903138,500456,2025-11-02,Credit,38067,IMPS
903139,500024,2026-04-01,Debit,41217,ATM
903140,500147,2026-02-26,Debit,38783,Cash
903141,500065,2026-03-25,Debit,31847,UPI
903142,500576,2025-01-04,Debit,20219,ATM
903143,500262,2025-12-27,Debit,26683,Cash
903144,500078,2026-06-06,Credit,39963,IMPS
903145,500310,2025-04-26,Debit,30380,NEFT
903146,500296,2026-04-15,Debit,13617,ATM
903147,500596,2026-07-04,Credit,25057,Cash
903148,500599,2026-07-01,Credit,17481,Cash
903149,500324,2025-01-11,Credit,43542,IMPS
903150,500404,2025-01-11,Debit,11300,UPI
903151,500033,2025-06-17,Debit,9244,ATM
903152,500041,2026-02-11,Debit,19097,IMPS
903153,500617,2025-03-04,Credit,35775,NEFT
903154,500278,2026-07-02,Debit,23599,IMPS
903155,500107,2025-08-15,Credit,36556,IMPS
903156,500587,2025-07-14,Credit,21719,ATM
903157,500313,2025-08-31,Debit,17264,UPI
903158,500567,2025-12-22,Debit,15603,UPI
903159,500153,2026-04-03,Debit,933,UPI
903160,500001,2025-08-06,Credit,44642,Cash
903161,500400,2026-02-17,Credit,38908,IMPS
903162,500365,2025-07-28,Credit,23524,ATM
903163,500300,2025-04-10,Debit,37149,NEFT
903164,500449,2025-10-29,Debit,29514,IMPS
903165,500054,2026-05-30,Debit,47352,UPI
903166,500670,2025-05-02,Debit,10716,ATM
903167,500659,2025-02-05,Credit,7505,NEFT
903168,500438,2026-01-17,Credit,3219,NEFT
903169,500278,2025-10-30,Debit,16619,NEFT
903170,500616,2025-02-14,Debit,31816,Cash
903171,500682,2025-12-18,Debit,36710,ATM
903172,500384,2025-06-18,Debit,2630,ATM
903173,500146,2025-05-10,Credit,21307,Cash
903174,500626,2026-03-23,Debit,9073,Cash
903175,500436,2025-07-02,Credit,11948,UPI
903176,500624,2025-01-09,Debit,15560,NEFT
903177,500651,2025-10-29,Debit,2026,Cash
903178,500511,2025-11-11,Debit,25580,Cash
903179,500555,2025-10-23,Debit,24503,IMPS
903180,500229,2026-03-24,Debit,11288,UPI
903181,500238,2026-07-02,Credit,20582,UPI
903182,500501,2025-03-25,Credit,18939,Cash
903183,500357,2025-08-12,Credit,10993,IMPS
903184,500058,2025-01-04,Credit,25946,NEFT
903185,500675,2025-07-09,Credit,4555,ATM
903186,500243,2025-05-27,Debit,32517,NEFT
903187,500436,2025-10-05,Credit,40567,Cash
903188,500570,2025-11-25,Debit,36416,Cash
903189,500176,2025-07-05,Debit,11261,Cash
903190,500144,2025-11-17,Credit,26712,UPI
903191,500515,2025-12-02,Debit,24233,IMPS
903192,500087,2026-04-05,Credit,3687,Cash
903193,500054,2026-06-26,Credit,23907,Cash
903194,500614,2025-04-05,Debit,29475,ATM
903195,500315,2025-10-03,Debit,15194,Cash
903196,500654,2025-08-08,Debit,9350,Cash
903197,500449,2026-06-26,Debit,7448,ATM
903198,500122,2025-12-31,Debit,46127,IMPS
903199,500471,2025-07-24,Debit,19065,IMPS
903200,500209,2025-02-07,Debit,15262,ATM
903201,500523,2026-07-02,Credit,14665,NEFT
903202,500128,2026-06-27,Credit,27709,UPI
903203,500071,2025-07-25,Credit,42325,IMPS
903204,500616,2025-07-06,Debit,2553,IMPS
903205,500486,2026-06-03,Credit,36591,UPI
903206,500362,2025-06-28,Debit,35706,ATM
903207,500202,2025-01-10,Debit,36462,ATM
903208,500189,2025-11-20,Credit,20642,NEFT
903209,500126,2026-04-01,Debit,26877,Cash
903210,500677,2025-08-06,Debit,47871,NEFT
903211,500495,2026-06-09,Credit,6753,IMPS
903212,500579,2025-04-20,Debit,27943,ATM
903213,500193,2025-10-27,Debit,25103,ATM
903214,500090,2026-05-06,Debit,48747,ATM
903215,500167,2026-02-12,Credit,20441,NEFT
903216,500215,2026-02-10,Credit,38612,IMPS
903217,500590,2025-09-21,Debit,41329,ATM
903218,500269,2025-12-16,Credit,40050,IMPS
903219,500589,2025-01-30,Credit,7450,UPI
903220,500546,2025-12-15,Debit,15034,IMPS
903221,500018,2026-06-29,Credit,44910,Cash
903222,500168,2025-04-08,Credit,35509,IMPS
903223,500420,2026-06-19,Debit,18940,NEFT
903224,500667,2025-10-29,Debit,18249,IMPS
903225,500530,2025-11-01,Debit,38296,Cash
903226,500449,2025-06-24,Debit,32230,Cash
903227,500651,2025-12-23,Credit,34068,UPI
903228,500607,2025-02-22,Credit,9501,UPI
903229,500452,2026-04-19,Credit,9121,Cash
903230,500542,2025-07-12,Debit,5470,ATM
903231,500015,2025-12-03,Debit,17315,Cash
903232,500102,2025-09-30,Credit,27982,ATM
903233,500164,2026-06-20,Debit,34399,UPI
903234,500085,2025-07-06,Credit,41924,UPI
903235,500215,2026-06-25,Debit,49382,ATM
903236,500550,2025-04-27,Credit,37987,NEFT
903237,500625,2026-05-19,Credit,18129,Cash
903238,500591,2025-01-12,Credit,48458,IMPS
903239,500673,2025-06-20,Credit,29282,ATM
903240,500591,2025-02-18,Debit,20784,NEFT
903241,500574,2026-03-12,Debit,38451,NEFT
903242,500227,2026-01-18,Credit,41256,Cash
903243,500517,2025-01-22,Debit,49186,UPI
903244,500685,2025-11-23,Credit,8392,ATM
903245,500021,2025-05-05,Credit,37827,NEFT
903246,500599,2025-03-23,Credit,16393,IMPS
903247,500129,2026-05-01,Debit,8908,Cash
903248,500358,2025-05-05,Credit,47515,ATM
903249,500044,2025-03-02,Debit,35162,UPI
903250,500515,2025-05-06,Credit,18673,Cash
903251,500063,2025-05-19,Debit,14005,ATM
903252,500212,2026-02-15,Credit,22595,IMPS
903253,500509,2025-07-30,Debit,49745,ATM
903254,500144,2026-03-27,Credit,14323,Cash
903255,500522,2026-02-15,Credit,13796,Cash
903256,500248,2025-03-03,Credit,41166,Cash
903257,500558,2025-11-26,Debit,6021,Cash
903258,500649,2025-10-26,Debit,43724,NEFT
903259,500089,2025-12-09,Debit,24713,NEFT
903260,500599,2026-05-15,Credit,23500,Cash
903261,500119,2025-04-14,Debit,19117,NEFT
903262,500403,2025-02-13,Credit,33396,NEFT
903263,500483,2026-05-13,Credit,30045,UPI
903264,500163,2026-03-08,Debit,26960,UPI
903265,500352,2025-09-13,Debit,11705,IMPS
903266,500085,2026-01-22,Debit,16905,UPI
903267,500700,2026-02-27,Credit,2391,UPI
903268,500639,2026-04-18,Debit,41689,NEFT
903269,500343,2026-07-03,Debit,26943,Cash
903270,500044,2026-01-18,Credit,2555,NEFT
903271,500686,2025-01-02,Credit,32239,NEFT
903272,500009,2025-09-28,Credit,31990,ATM
903273,500214,2026-03-09,Credit,33465,UPI
903274,500270,2025-09-23,Debit,29806,UPI
903275,500542,2025-08-24,Debit,13955,UPI
903276,500590,2026-02-26,Credit,27519,ATM
903277,500412,2025-09-24,Credit,37433,NEFT
903278,500178,2026-06-02,Debit,40317,IMPS
903279,500466,2025-10-04,Debit,49540,Cash
903280,500115,2025-08-31,Debit,35334,ATM
903281,500140,2026-05-18,Credit,29821,Cash
903282,500202,2025-01-22,Debit,36328,IMPS
903283,500123,2025-04-19,Debit,17859,UPI
903284,500208,2025-11-09,Credit,38808,IMPS
903285,500536,2025-03-08,Debit,13570,IMPS
903286,500482,2026-03-30,Debit,33652,NEFT
903287,500240,2025-08-08,Debit,18709,ATM
903288,500461,2025-01-15,Debit,6279,NEFT
903289,500009,2025-01-13,Credit,22979,NEFT
903290,500525,2026-03-06,Credit,12308,IMPS
903291,500131,2026-02-10,Credit,22951,Cash
903292,500171,2025-02-10,Debit,4544,NEFT
903293,500239,2025-03-29,Credit,47558,Cash
903294,500462,2026-04-18,Credit,579,Cash
903295,500287,2025-03-09,Credit,3809,ATM
903296,500606,2025-10-06,Credit,37129,NEFT
903297,500164,2025-10-05,Debit,15841,IMPS
903298,500659,2025-03-19,Credit,40823,ATM
903299,500631,2025-11-13,Credit,41668,NEFT
903300,500148,2025-10-11,Debit,1945,IMPS
903301,500572,2026-05-02,Credit,48885,ATM
903302,500262,2026-02-21,Credit,12114,NEFT
903303,500383,2025-03-22,Debit,19665,NEFT
903304,500190,2025-10-24,Credit,17468,NEFT
903305,500177,2026-03-06,Credit,7170,IMPS
903306,500637,2025-02-22,Credit,12710,Cash
903307,500392,2026-06-23,Debit,6602,ATM
903308,500221,2025-02-21,Debit,886,NEFT
903309,500560,2026-02-13,Debit,45612,NEFT
903310,500058,2025-06-05,Credit,2183,IMPS
903311,500344,2025-08-31,Debit,27238,NEFT
903312,500072,2026-01-05,Credit,26921,IMPS
903313,500598,2025-02-01,Credit,22314,ATM
903314,500488,2025-11-17,Credit,4027,UPI
903315,500507,2025-09-07,Credit,21958,IMPS
903316,500013,2025-01-27,Debit,14268,IMPS
903317,500473,2025-04-02,Credit,49424,UPI
903318,500671,2026-04-08,Credit,10601,UPI
903319,500112,2025-07-29,Debit,37217,UPI
903320,500522,2026-04-29,Credit,43031,ATM
903321,500508,2025-05-26,Credit,7961,UPI
903322,500260,2025-11-20,Debit,48824,ATM
903323,500115,2026-05-23,Credit,37421,NEFT
903324,500561,2025-03-12,Debit,512,ATM
903325,500263,2025-11-10,Credit,26777,UPI
903326,500149,2025-08-19,Debit,19310,NEFT
903327,500189,2026-01-05,Credit,6184,ATM
903328,500016,2025-05-28,Debit,11967,NEFT
903329,500602,2025-10-04,Credit,9400,UPI
903330,500598,2025-10-06,Debit,48721,ATM
903331,500486,2025-07-04,Debit,40537,UPI
903332,500214,2025-07-07,Debit,42144,Cash
903333,500324,2025-04-07,Credit,8655,ATM
903334,500419,2025-03-22,Debit,39597,Cash
903335,500571,2025-01-25,Credit,17817,Cash
903336,500368,2025-12-26,Credit,25152,UPI
903337,500135,2025-04-19,Credit,37781,UPI
903338,500328,2026-07-04,Credit,11288,ATM
903339,500554,2026-02-19,Debit,48105,IMPS
903340,500549,2026-02-28,Debit,31489,IMPS
903341,500439,2026-06-11,Debit,8416,NEFT
903342,500475,2026-01-24,Credit,733,IMPS
903343,500539,2025-10-03,Debit,29996,Cash
903344,500025,2026-06-08,Credit,28825,IMPS
903345,500091,2025-04-23,Credit,32258,Cash
903346,500635,2025-05-14,Credit,28751,Cash
903347,500045,2025-02-21,Debit,37539,IMPS
903348,500207,2026-02-07,Credit,13035,Cash
903349,500236,2025-10-13,Debit,33514,ATM
903350,500277,2026-04-05,Credit,33141,NEFT
903351,500121,2025-08-18,Debit,20977,Cash
903352,500443,2025-07-11,Credit,46919,UPI
903353,500173,2025-03-09,Credit,13161,ATM
903354,500152,2025-01-15,Debit,21651,UPI
903355,500214,2025-08-12,Credit,4095,UPI
903356,500019,2026-06-16,Debit,16396,Cash
903357,500413,2026-04-10,Credit,39011,UPI
903358,500627,2025-01-05,Credit,33926,IMPS
903359,500586,2025-04-03,Credit,16623,UPI
903360,500416,2025-01-03,Credit,38087,UPI
903361,500394,2025-06-05,Credit,9200,ATM
903362,500207,2026-04-13,Debit,48597,IMPS
903363,500046,2026-02-02,Credit,35605,Cash
903364,500308,2025-03-26,Debit,31559,Cash
903365,500398,2025-09-08,Credit,3420,UPI
903366,500612,2026-06-12,Debit,44946,NEFT
903367,500256,2026-03-21,Credit,6442,NEFT
903368,500457,2025-03-26,Credit,34400,UPI
903369,500326,2025-04-05,Debit,45601,Cash
903370,500338,2026-05-29,Credit,49856,IMPS
903371,500317,2025-06-03,Credit,12493,Cash
903372,500681,2025-01-13,Credit,23890,NEFT
903373,500332,2025-09-02,Debit,27158,ATM
903374,500031,2026-04-03,Debit,24680,IMPS
903375,500622,2025-09-14,Debit,38242,Cash
903376,500415,2026-03-19,Debit,9817,UPI
903377,500098,2025-03-01,Credit,17597,UPI
903378,500143,2025-04-04,Credit,9129,NEFT
903379,500526,2026-04-03,Debit,173,NEFT
903380,500401,2025-05-25,Credit,34891,Cash
903381,500513,2025-03-13,Debit,17275,Cash
903382,500140,2026-04-24,Credit,23595,NEFT
903383,500422,2025-11-16,Credit,14666,Cash
903384,500466,2025-01-18,Credit,19410,UPI
903385,500164,2025-04-07,Credit,36253,Cash
903386,500110,2025-04-29,Debit,4651,NEFT
903387,500647,2025-12-02,Debit,37092,UPI
903388,500294,2026-02-12,Credit,2177,UPI
903389,500476,2025-06-27,Credit,3729,Cash
903390,500437,2026-02-23,Credit,3624,UPI
903391,500131,2025-09-06,Credit,30133,UPI
903392,500031,2025-04-02,Credit,13240,NEFT
903393,500582,2026-03-14,Credit,23093,UPI
903394,500129,2025-01-31,Debit,34988,Cash
903395,500012,2026-05-25,Debit,28622,Cash
903396,500230,2025-09-22,Debit,25123,UPI
903397,500313,2025-07-01,Credit,28923,ATM
903398,500225,2025-11-04,Debit,1748,UPI
903399,500637,2025-04-01,Debit,15605,UPI
903400,500375,2026-05-27,Credit,48065,Cash
903401,500504,2025-06-02,Debit,15492,Cash
903402,500572,2026-03-08,Credit,32289,ATM
903403,500548,2025-06-23,Credit,20930,UPI
903404,500696,2025-05-10,Debit,43889,NEFT
903405,500404,2026-04-09,Credit,33483,ATM
903406,500429,2026-02-01,Debit,45895,ATM
903407,500157,2025-05-14,Debit,5119,IMPS
903408,500453,2026-02-23,Debit,33565,Cash
903409,500639,2025-10-28,Debit,30710,UPI
903410,500679,2025-06-13,Credit,41984,NEFT
903411,500371,2025-01-16,Credit,27152,UPI
903412,500523,2025-11-07,Debit,19848,NEFT
903413,500129,2025-08-29,Debit,17917,NEFT
903414,500315,2025-02-24,Debit,47682,ATM
903415,500388,2025-06-06,Credit,9983,UPI
903416,500345,2026-03-20,Debit,39723,Cash
903417,500168,2026-01-01,Debit,37772,NEFT
903418,500018,2026-02-14,Debit,18650,UPI
903419,500127,2025-04-14,Debit,12916,IMPS
903420,500564,2025-03-24,Credit,30482,NEFT
903421,500003,2026-03-16,Credit,20201,NEFT
903422,500346,2025-10-22,Credit,47549,UPI
903423,500541,2026-06-14,Debit,38549,ATM
903424,500550,2025-01-24,Debit,26652,Cash
903425,500019,2025-12-22,Credit,6703,UPI
903426,500187,2025-04-04,Credit,24418,Cash
903427,500201,2025-10-13,Credit,47692,NEFT
903428,500254,2025-01-31,Credit,46514,ATM
903429,500053,2025-11-15,Debit,374,NEFT
903430,500509,2025-05-26,Credit,46861,IMPS
903431,500395,2025-02-24,Credit,13379,NEFT
903432,500064,2025-07-26,Credit,39072,ATM
903433,500564,2025-02-20,Credit,5963,Cash
903434,500034,2025-01-14,Credit,19617,ATM
903435,500120,2025-09-04,Credit,49265,ATM
903436,500102,2026-04-23,Debit,3087,UPI
903437,500646,2026-02-02,Credit,49944,Cash
903438,500632,2025-02-22,Debit,6556,IMPS
903439,500664,2025-10-19,Debit,34433,Cash
903440,500374,2025-01-10,Credit,5148,NEFT
903441,500449,2025-12-15,Credit,22231,IMPS
903442,500170,2025-05-03,Credit,31068,NEFT
903443,500572,2026-06-26,Debit,34348,UPI
903444,500483,2025-05-21,Debit,39339,UPI
903445,500233,2026-04-25,Credit,27330,UPI
903446,500437,2025-01-29,Credit,40441,ATM
903447,500159,2025-05-13,Credit,44457,IMPS
903448,500603,2026-01-29,Debit,31630,ATM
903449,500124,2026-07-03,Credit,31895,Cash
903450,500233,2025-02-11,Debit,27574,IMPS
903451,500109,2025-01-08,Credit,18895,IMPS
903452,500016,2026-01-11,Debit,30608,IMPS
903453,500033,2025-01-16,Credit,42785,Cash
903454,500686,2025-10-28,Credit,8944,NEFT
903455,500405,2025-07-10,Credit,8065,ATM
903456,500600,2025-02-08,Debit,39583,ATM
903457,500565,2025-12-27,Debit,17111,ATM
903458,500683,2026-04-29,Credit,25589,ATM
903459,500699,2026-01-01,Credit,28734,IMPS
903460,500122,2025-09-09,Debit,45777,NEFT
903461,500092,2025-11-26,Credit,48321,UPI
903462,500417,2025-11-02,Credit,25553,UPI
903463,500005,2026-05-07,Credit,14359,NEFT
903464,500373,2025-02-17,Debit,10359,Cash
903465,500217,2025-04-26,Credit,37972,NEFT
903466,500296,2025-10-27,Credit,14543,UPI
903467,500011,2025-11-05,Credit,48504,ATM
903468,500616,2025-03-18,Credit,20835,NEFT
903469,500048,2025-05-31,Credit,24236,UPI
903470,500387,2026-05-03,Debit,46912,IMPS
903471,500398,2025-10-25,Debit,46821,NEFT
903472,500237,2025-12-04,Credit,20406,IMPS
903473,500093,2025-04-06,Credit,21455,UPI
903474,500122,2025-10-10,Debit,27665,Cash
903475,500160,2026-05-18,Debit,8113,Cash
903476,500484,2025-09-10,Debit,21133,UPI
903477,500141,2025-03-20,Debit,32388,Cash
903478,500101,2025-05-18,Credit,38915,Cash
903479,500577,2026-05-25,Credit,22471,Cash
903480,500266,2025-06-08,Debit,42009,UPI
903481,500688,2026-04-18,Credit,14982,ATM
903482,500020,2025-06-07,Debit,19283,ATM
903483,500379,2025-10-14,Debit,30415,ATM
903484,500145,2025-02-07,Debit,4337,ATM
903485,500105,2025-01-28,Debit,13441,UPI
903486,500513,2026-04-20,Credit,23801,ATM
903487,500270,2026-05-08,Credit,31632,UPI
903488,500222,2025-04-11,Debit,20943,Cash
903489,500234,2026-06-27,Credit,12270,ATM
903490,500304,2025-03-16,Debit,33081,Cash
903491,500471,2025-07-05,Debit,3364,NEFT
903492,500577,2025-06-26,Debit,17110,ATM
903493,500541,2026-02-17,Credit,29648,NEFT
903494,500569,2026-06-13,Debit,3094,ATM
903495,500427,2026-03-15,Debit,9019,UPI
903496,500457,2026-01-22,Credit,9525,ATM
903497,500070,2025-07-31,Debit,13747,IMPS
903498,500411,2026-05-03,Debit,45426,NEFT
903499,500367,2025-05-09,Credit,34769,ATM
903500,500517,2026-05-02,Credit,26736,UPI
903501,500270,2026-06-14,Debit,38852,NEFT
903502,500181,2025-02-28,Debit,24382,NEFT
903503,500266,2025-01-07,Debit,1764,IMPS
903504,500619,2025-05-29,Debit,13208,IMPS
903505,500429,2025-03-27,Debit,39171,ATM
903506,500440,2025-09-21,Credit,20696,NEFT
903507,500699,2025-11-26,Debit,29606,UPI
903508,500486,2026-05-28,Debit,32855,Cash
903509,500353,2025-09-18,Credit,28695,UPI
903510,500601,2025-01-29,Credit,34635,Cash
903511,500151,2025-07-05,Debit,13866,ATM
903512,500134,2026-04-12,Credit,11913,UPI
903513,500181,2025-06-29,Credit,31697,UPI
903514,500109,2025-03-18,Debit,24413,ATM
903515,500437,2025-05-04,Debit,7086,ATM
903516,500169,2025-02-28,Debit,10429,IMPS
903517,500557,2026-01-16,Credit,19036,Cash
903518,500566,2026-02-18,Credit,2222,Cash
903519,500180,2025-04-17,Debit,38018,UPI
903520,500213,2025-07-03,Credit,2039,NEFT
903521,500424,2025-01-15,Credit,17541,NEFT
903522,500695,2026-02-12,Debit,32570,UPI
903523,500063,2026-03-09,Credit,4782,ATM
903524,500476,2025-01-20,Credit,5368,ATM
903525,500199,2026-04-02,Credit,22541,UPI
903526,500034,2025-10-26,Credit,13775,NEFT
903527,500424,2026-04-15,Credit,16733,Cash
903528,500386,2025-08-18,Credit,28973,NEFT
903529,500577,2025-10-13,Debit,28492,NEFT
903530,500569,2025-01-06,Credit,36985,UPI
903531,500408,2025-11-29,Debit,4088,NEFT
903532,500359,2025-11-29,Credit,45901,IMPS
903533,500225,2025-08-19,Credit,30378,NEFT
903534,500506,2025-07-04,Credit,10590,IMPS
903535,500121,2026-02-01,Credit,22910,UPI
903536,500306,2026-03-16,Credit,8320,ATM
903537,500430,2026-04-09,Debit,42428,Cash
903538,500176,2026-04-10,Credit,36339,Cash
903539,500365,2025-07-30,Debit,17452,IMPS
903540,500642,2026-01-18,Credit,29764,UPI
903541,500518,2026-03-22,Debit,282,ATM
903542,500508,2026-01-08,Debit,1522,NEFT
903543,500046,2025-01-11,Credit,37130,NEFT
903544,500610,2025-02-17,Credit,12300,UPI
903545,500381,2025-11-03,Credit,40712,UPI
903546,500287,2025-09-23,Credit,38424,NEFT
903547,500178,2025-06-10,Debit,12710,NEFT
903548,500212,2025-06-27,Credit,11095,NEFT
903549,500367,2025-03-10,Credit,10190,Cash
903550,500668,2025-12-06,Debit,3991,UPI
903551,500634,2025-08-20,Debit,18691,Cash
903552,500700,2025-02-04,Credit,26630,IMPS
903553,500517,2025-10-19,Credit,40980,NEFT
903554,500252,2025-07-17,Credit,19403,NEFT
903555,500404,2025-06-17,Debit,8767,UPI
903556,500551,2025-01-28,Debit,37083,IMPS
903557,500661,2025-08-25,Credit,8378,Cash
903558,500277,2025-04-03,Credit,38096,UPI
903559,500455,2025-12-08,Debit,20616,IMPS
903560,500616,2025-05-18,Credit,7826,NEFT
903561,500249,2026-05-24,Debit,13081,UPI
903562,500493,2026-04-16,Debit,38635,Cash
903563,500285,2025-06-13,Credit,1075,ATM
903564,500187,2025-10-02,Credit,37216,NEFT
903565,500459,2025-12-17,Credit,38501,NEFT
903566,500186,2026-02-10,Debit,5081,NEFT
903567,500103,2026-05-09,Debit,15312,ATM
903568,500132,2026-03-10,Debit,31128,Cash
903569,500155,2026-06-05,Debit,16606,ATM
903570,500106,2025-05-26,Credit,40785,ATM
903571,500124,2026-04-05,Credit,1833,UPI
903572,500585,2025-06-12,Debit,20770,NEFT
903573,500277,2025-03-04,Credit,10993,UPI
903574,500065,2025-12-29,Credit,21849,Cash
903575,500011,2025-11-22,Credit,17854,NEFT
903576,500143,2025-04-13,Credit,19728,NEFT
903577,500683,2025-02-20,Debit,31892,IMPS
903578,500473,2025-05-24,Debit,30648,IMPS
903579,500130,2026-01-19,Debit,8704,NEFT
903580,500096,2026-05-29,Credit,46512,Cash
903581,500644,2025-11-26,Credit,38812,NEFT
903582,500008,2025-11-06,Debit,32385,UPI
903583,500442,2026-05-20,Debit,37755,NEFT
903584,500214,2025-08-29,Credit,38694,IMPS
903585,500572,2026-03-17,Debit,6343,Cash
903586,500633,2025-02-28,Credit,22401,ATM
903587,500556,2025-10-24,Debit,18118,UPI
903588,500533,2025-12-08,Debit,48284,IMPS
903589,500544,2025-07-16,Credit,21113,ATM
903590,500490,2025-05-19,Debit,11365,UPI
903591,500521,2025-09-30,Debit,31705,NEFT
903592,500675,2025-06-22,Debit,20097,NEFT
903593,500653,2025-11-23,Debit,5352,IMPS
903594,500402,2025-06-22,Credit,11412,NEFT
903595,500359,2025-01-09,Credit,35049,NEFT
903596,500362,2026-02-20,Credit,49706,Cash
903597,500458,2025-06-26,Debit,12466,IMPS
903598,500258,2025-07-04,Credit,6040,NEFT
903599,500167,2025-09-09,Debit,5814,Cash
903600,500584,2025-06-29,Credit,981,IMPS
903601,500671,2026-03-04,Debit,11256,ATM
903602,500041,2025-05-18,Debit,26216,UPI
903603,500269,2025-12-17,Credit,38157,Cash
903604,500441,2025-07-18,Credit,4474,ATM
903605,500292,2025-02-10,Credit,47100,NEFT
903606,500630,2025-03-18,Credit,48421,UPI
903607,500589,2025-08-13,Credit,24396,NEFT
903608,500552,2025-07-01,Credit,10606,Cash
903609,500475,2025-04-06,Credit,38889,NEFT
903610,500392,2025-01-06,Credit,27616,UPI
903611,500542,2025-05-28,Debit,31940,UPI
903612,500329,2026-02-14,Debit,26329,UPI
903613,500429,2025-02-26,Debit,28668,NEFT
903614,500401,2025-10-16,Credit,46546,IMPS
903615,500363,2025-01-11,Credit,37615,Cash
903616,500234,2026-04-20,Credit,13199,Cash
903617,500434,2025-04-03,Debit,27992,NEFT
903618,500229,2025-04-24,Credit,13091,ATM
903619,500118,2025-01-13,Debit,18654,UPI
903620,500446,2025-11-03,Credit,13210,UPI
903621,500399,2025-12-24,Debit,18955,UPI
903622,500202,2026-04-16,Credit,30503,ATM
903623,500675,2026-02-02,Debit,31335,ATM
903624,500033,2026-03-09,Credit,16550,IMPS
903625,500300,2025-07-04,Credit,18282,ATM
903626,500072,2026-04-30,Debit,22394,UPI
903627,500524,2026-03-28,Credit,5771,ATM
903628,500635,2025-07-13,Credit,19746,NEFT
903629,500043,2025-06-22,Debit,36823,NEFT
903630,500456,2025-11-12,Debit,17619,UPI
903631,500509,2025-06-22,Credit,17707,Cash
903632,500439,2025-12-10,Credit,32932,ATM
903633,500587,2025-09-19,Debit,37473,UPI
903634,500170,2026-01-03,Debit,35231,Cash
903635,500231,2026-01-23,Credit,27495,IMPS
903636,500582,2025-02-12,Debit,45202,ATM
903637,500178,2025-07-22,Debit,48199,Cash
903638,500065,2025-01-13,Credit,39134,Cash
903639,500233,2026-05-28,Debit,41113,Cash
903640,500494,2025-10-02,Credit,6088,ATM
903641,500286,2025-08-29,Debit,38764,IMPS
903642,500017,2025-02-03,Credit,31357,IMPS
903643,500080,2025-09-26,Debit,3370,Cash
903644,500501,2026-02-25,Credit,19341,NEFT
903645,500467,2026-06-02,Debit,18175,NEFT
903646,500469,2025-02-22,Debit,47793,ATM
903647,500085,2026-04-08,Debit,27339,Cash
903648,500425,2026-04-24,Credit,44627,ATM
903649,500240,2026-02-18,Credit,24200,Cash
903650,500090,2026-06-16,Debit,34016,IMPS
903651,500585,2025-02-04,Credit,9874,ATM
903652,500487,2025-06-20,Credit,826,IMPS
903653,500316,2025-12-09,Credit,45811,ATM
903654,500666,2026-01-30,Credit,19109,NEFT
903655,500373,2026-02-26,Debit,2280,Cash
903656,500038,2025-08-22,Credit,29211,Cash
903657,500436,2026-06-06,Credit,13946,UPI
903658,500406,2026-05-10,Debit,43738,NEFT
903659,500023,2026-02-19,Debit,46030,UPI
903660,500562,2025-05-19,Credit,48262,NEFT
903661,500431,2026-02-25,Debit,37759,Cash
903662,500084,2025-01-17,Debit,33397,IMPS
903663,500442,2025-12-03,Credit,33024,Cash
903664,500693,2025-02-17,Debit,30949,NEFT
903665,500587,2026-03-01,Credit,20067,NEFT
903666,500528,2026-05-31,Debit,26301,UPI
903667,500323,2025-11-27,Credit,44057,Cash
903668,500585,2025-05-22,Credit,7829,ATM
903669,500061,2025-09-26,Debit,45985,UPI
903670,500559,2026-02-16,Debit,2049,ATM
903671,500401,2025-07-30,Credit,4110,UPI
903672,500412,2025-06-16,Credit,31201,NEFT
903673,500595,2025-07-01,Credit,44199,IMPS
903674,500550,2025-06-13,Debit,7964,IMPS
903675,500158,2026-03-05,Debit,13474,NEFT
903676,500475,2025-04-03,Debit,48435,UPI
903677,500547,2026-03-10,Debit,40125,Cash
903678,500176,2026-02-19,Debit,10437,UPI
903679,500212,2026-07-03,Credit,5808,NEFT
903680,500335,2025-11-06,Credit,7502,Cash
903681,500368,2026-03-05,Debit,1855,ATM
903682,500614,2025-07-03,Credit,40531,Cash
903683,500552,2026-03-26,Credit,230,Cash
903684,500265,2026-06-28,Credit,17896,NEFT
903685,500575,2026-06-09,Debit,43267,NEFT
903686,500056,2025-05-31,Credit,30633,IMPS
903687,500115,2026-03-01,Debit,32998,UPI
903688,500396,2026-01-21,Debit,43571,NEFT
903689,500695,2025-04-27,Debit,42383,IMPS
903690,500594,2025-02-23,Credit,24978,Cash
903691,500595,2025-05-26,Credit,21633,UPI
903692,500205,2026-04-05,Credit,7599,ATM
903693,500056,2025-06-09,Debit,41440,Cash
903694,500044,2026-04-02,Credit,13442,UPI
903695,500526,2025-02-02,Credit,29870,NEFT
903696,500412,2025-06-03,Credit,39463,ATM
903697,500564,2025-06-28,Debit,19704,IMPS
903698,500335,2025-01-31,Credit,30092,NEFT
903699,500529,2026-06-04,Debit,37124,NEFT
903700,500657,2026-04-24,Debit,5920,UPI
903701,500430,2025-01-03,Debit,38919,UPI
903702,500615,2026-01-30,Credit,11338,ATM
903703,500416,2026-02-06,Credit,1119,IMPS
903704,500034,2026-06-28,Credit,1197,NEFT
903705,500640,2025-05-03,Debit,3823,NEFT
903706,500432,2025-07-19,Debit,18490,Cash
903707,500224,2025-11-30,Debit,41401,NEFT
903708,500658,2025-09-17,Debit,34304,ATM
903709,500007,2025-03-25,Credit,817,Cash
903710,500678,2025-05-27,Debit,10736,Cash
903711,500221,2026-02-22,Credit,38475,UPI
903712,500160,2025-08-17,Debit,23970,NEFT
903713,500010,2025-07-07,Debit,37447,ATM
903714,500415,2025-03-02,Credit,40079,ATM
903715,500665,2026-04-05,Credit,8741,Cash
903716,500249,2026-01-20,Debit,8813,Cash
903717,500044,2025-12-27,Debit,14669,ATM
903718,500262,2026-05-29,Credit,45969,IMPS
903719,500451,2026-01-12,Debit,44642,UPI
903720,500249,2026-02-14,Debit,33524,IMPS
903721,500151,2025-05-02,Debit,47079,IMPS
903722,500463,2026-05-26,Credit,34032,Cash
903723,500284,2026-02-14,Debit,10079,NEFT
903724,500131,2025-08-25,Debit,2619,ATM
903725,500413,2026-04-20,Debit,18692,IMPS
903726,500076,2025-05-13,Debit,38207,Cash
903727,500581,2026-05-12,Credit,8940,UPI
903728,500263,2025-07-10,Debit,12192,NEFT
903729,500421,2025-05-12,Credit,25254,ATM
903730,500408,2025-03-16,Debit,37402,IMPS
903731,500418,2025-07-01,Credit,22693,ATM
903732,500625,2025-06-08,Credit,14212,Cash
903733,500567,2026-05-04,Debit,36536,IMPS
903734,500476,2026-05-23,Debit,40136,NEFT
903735,500382,2026-03-21,Credit,19833,UPI
903736,500253,2025-09-18,Credit,3301,IMPS
903737,500258,2025-09-10,Credit,21554,NEFT
903738,500618,2026-06-25,Credit,39388,UPI
903739,500159,2025-05-10,Debit,745,UPI
903740,500005,2025-03-10,Debit,19596,UPI
903741,500669,2026-04-23,Debit,9720,IMPS
903742,500069,2025-11-09,Credit,2312,Cash
903743,500578,2025-03-14,Credit,19794,UPI
903744,500018,2025-07-29,Debit,21163,NEFT
903745,500651,2026-04-27,Credit,2273,IMPS
903746,500628,2026-03-22,Debit,44098,ATM
903747,500305,2025-06-13,Credit,19554,UPI
903748,500338,2025-06-04,Credit,34086,NEFT
903749,500240,2025-12-11,Credit,2130,IMPS
903750,500497,2026-03-13,Debit,39987,UPI
903751,500638,2025-09-25,Debit,8298,IMPS
903752,500559,2025-02-04,Debit,26465,IMPS
903753,500135,2025-01-05,Credit,31154,Cash
903754,500252,2025-01-03,Debit,40449,ATM
903755,500419,2025-04-13,Debit,37578,Cash
903756,500492,2025-06-06,Debit,540,Cash
903757,500254,2025-11-11,Debit,16983,UPI
903758,500168,2025-11-22,Credit,4854,NEFT
903759,500494,2025-11-20,Debit,6452,UPI
903760,500054,2026-05-24,Debit,32597,NEFT
903761,500658,2025-06-23,Credit,32627,Cash
903762,500064,2025-08-20,Debit,5746,IMPS
903763,500680,2025-07-03,Credit,9708,Cash
903764,500637,2025-03-14,Credit,33892,ATM
903765,500199,2025-08-04,Debit,2742,NEFT
903766,500306,2025-07-08,Debit,20449,Cash
903767,500460,2025-10-21,Credit,17855,ATM
903768,500442,2025-01-27,Debit,49238,IMPS
903769,500426,2025-05-12,Credit,20757,UPI
903770,500006,2026-04-27,Debit,21160,UPI
903771,500623,2025-03-15,Debit,41379,UPI
903772,500571,2026-01-01,Credit,31774,NEFT
903773,500674,2025-06-20,Debit,5241,Cash
903774,500361,2026-01-28,Credit,16863,UPI
903775,500620,2025-03-17,Debit,33450,UPI
903776,500353,2025-12-21,Credit,47870,UPI
903777,500329,2026-04-08,Debit,17876,IMPS
903778,500402,2026-01-10,Credit,39570,UPI
903779,500408,2025-02-18,Debit,31085,UPI
903780,500052,2025-10-19,Credit,38624,NEFT
903781,500013,2025-11-15,Debit,20531,UPI
903782,500553,2025-10-10,Credit,49982,NEFT
903783,500619,2025-06-03,Credit,5436,IMPS
903784,500025,2025-08-03,Debit,25898,NEFT
903785,500041,2025-09-02,Debit,35750,IMPS
903786,500409,2025-10-13,Credit,43358,ATM
903787,500547,2025-01-13,Credit,25773,Cash
903788,500162,2025-12-13,Credit,25143,Cash
903789,500448,2025-07-31,Credit,47441,NEFT
903790,500351,2026-03-04,Credit,13212,UPI
903791,500195,2026-04-25,Debit,17378,UPI
903792,500516,2026-06-04,Credit,28411,ATM
903793,500044,2026-06-02,Debit,2889,IMPS
903794,500173,2025-02-12,Credit,39387,IMPS
903795,500095,2025-10-16,Credit,5268,UPI
903796,500205,2025-05-29,Debit,24910,UPI
903797,500099,2025-12-10,Debit,36377,Cash
903798,500575,2025-02-18,Debit,10782,ATM
903799,500247,2025-07-10,Credit,7403,IMPS
903800,500672,2026-02-17,Credit,19450,ATM
903801,500689,2025-06-12,Credit,1285,Cash
903802,500232,2026-04-27,Credit,31298,ATM
903803,500280,2026-01-08,Debit,19516,ATM
903804,500059,2026-06-29,Credit,42080,NEFT
903805,500082,2026-03-31,Credit,19057,ATM
903806,500076,2025-12-14,Credit,37886,Cash
903807,500432,2026-05-13,Debit,26850,NEFT
903808,500418,2025-07-04,Credit,21511,IMPS
903809,500385,2025-01-03,Debit,15310,UPI
903810,500142,2026-01-29,Credit,48587,IMPS
903811,500309,2025-01-17,Credit,24608,ATM
903812,500569,2026-04-05,Credit,14261,ATM
903813,500530,2026-02-15,Credit,21769,UPI
903814,500403,2025-08-31,Credit,26067,ATM
903815,500245,2026-03-21,Credit,24411,UPI
903816,500133,2026-06-28,Credit,42500,ATM
903817,500273,2025-01-09,Credit,817,NEFT
903818,500601,2025-02-14,Credit,10907,UPI
903819,500243,2025-01-30,Credit,24009,NEFT
903820,500024,2025-09-26,Debit,10459,NEFT
903821,500472,2026-01-15,Debit,45720,IMPS
903822,500376,2025-08-25,Credit,37748,NEFT
903823,500402,2025-02-12,Credit,40947,IMPS
903824,500441,2025-02-14,Credit,30473,Cash
903825,500505,2025-10-30,Debit,16994,Cash
903826,500646,2025-05-21,Credit,21007,Cash
903827,500571,2025-10-16,Debit,21686,NEFT
903828,500527,2025-04-03,Credit,36632,UPI
903829,500646,2025-05-04,Debit,22897,Cash
903830,500543,2025-08-05,Debit,18646,Cash
903831,500408,2026-02-20,Credit,11101,IMPS
903832,500380,2025-06-02,Credit,32430,IMPS
903833,500507,2025-02-23,Debit,45936,ATM
903834,500390,2025-01-13,Credit,26864,UPI
903835,500431,2025-05-23,Debit,35604,ATM
903836,500032,2026-04-04,Credit,19520,ATM
903837,500656,2025-06-07,Debit,26714,UPI
903838,500135,2025-07-21,Debit,4221,Cash
903839,500517,2026-01-09,Credit,4753,Cash
903840,500204,2025-01-05,Credit,29015,NEFT
903841,500696,2025-04-03,Debit,32674,UPI
903842,500324,2026-03-10,Credit,22831,IMPS
903843,500451,2025-03-05,Debit,8550,NEFT
903844,500262,2025-11-06,Credit,13809,NEFT
903845,500605,2025-12-01,Debit,29089,IMPS
903846,500272,2025-02-27,Debit,17415,Cash
903847,500219,2025-04-10,Debit,45607,ATM
903848,500598,2025-02-25,Debit,47461,ATM
903849,500127,2025-03-23,Debit,28590,Cash
903850,500415,2025-08-08,Debit,21733,ATM
903851,500127,2025-08-29,Credit,21220,IMPS
903852,500507,2025-09-28,Debit,26051,IMPS
903853,500008,2026-01-19,Debit,3322,NEFT
903854,500249,2026-05-05,Debit,48009,UPI
903855,500556,2025-09-29,Credit,491,UPI
903856,500578,2025-07-10,Credit,1773,IMPS
903857,500369,2026-03-19,Debit,15952,NEFT
903858,500195,2025-05-28,Debit,14039,NEFT
903859,500216,2026-02-19,Debit,17078,UPI
903860,500191,2025-05-17,Debit,15833,NEFT
903861,500405,2026-04-17,Debit,40556,IMPS
903862,500669,2025-07-11,Debit,10935,ATM
903863,500485,2025-08-31,Credit,14769,IMPS
903864,500347,2025-05-25,Credit,9056,NEFT
903865,500187,2025-01-23,Credit,16573,UPI
903866,500067,2026-03-10,Credit,15039,NEFT
903867,500529,2025-10-13,Debit,9163,NEFT
903868,500305,2026-05-22,Credit,39726,IMPS
903869,500538,2025-06-02,Credit,44183,ATM
903870,500340,2025-11-25,Credit,21612,Cash
903871,500351,2025-05-10,Debit,3873,ATM
903872,500332,2026-03-23,Credit,13321,IMPS
903873,500227,2025-05-08,Credit,347,ATM
903874,500292,2025-09-09,Credit,44234,NEFT
903875,500189,2026-03-19,Credit,8507,ATM
903876,500461,2026-04-24,Debit,14409,NEFT
903877,500078,2026-03-01,Credit,26211,ATM
903878,500306,2026-05-05,Credit,29129,UPI
903879,500213,2026-01-06,Credit,15700,ATM
903880,500036,2025-12-10,Debit,11206,IMPS
903881,500516,2025-11-08,Credit,41399,Cash
903882,500087,2025-02-08,Debit,46503,Cash
903883,500055,2025-05-16,Debit,17811,UPI
903884,500692,2026-03-21,Debit,49816,Cash
903885,500519,2025-06-21,Debit,29816,ATM
903886,500142,2026-01-16,Credit,28260,NEFT
903887,500015,2025-02-10,Credit,46406,ATM
903888,500196,2026-06-05,Debit,41669,ATM
903889,500269,2026-02-26,Credit,18628,IMPS
903890,500459,2025-10-01,Debit,39094,ATM
903891,500662,2025-08-02,Credit,34356,NEFT
903892,500602,2026-05-12,Debit,39300,UPI
903893,500264,2026-06-03,Debit,2353,IMPS
903894,500636,2025-11-19,Debit,1031,Cash
903895,500612,2025-08-01,Credit,27424,ATM
903896,500304,2025-08-10,Credit,8736,NEFT
903897,500605,2025-09-21,Debit,6747,NEFT
903898,500104,2025-06-10,Credit,43388,UPI
903899,500338,2025-10-23,Debit,15040,Cash
903900,500017,2025-01-05,Credit,12057,ATM
903901,500448,2025-06-17,Credit,12755,IMPS
903902,500544,2025-11-08,Debit,19772,NEFT
903903,500653,2025-06-15,Debit,26163,ATM
903904,500517,2026-05-19,Credit,33745,IMPS
903905,500539,2025-05-25,Credit,13536,ATM
903906,500539,2026-05-10,Credit,21715,IMPS
903907,500298,2025-03-11,Debit,34320,UPI
903908,500394,2025-03-20,Credit,45838,Cash
903909,500590,2026-01-14,Debit,20150,ATM
903910,500589,2026-07-04,Debit,25751,UPI
903911,500696,2025-11-29,Debit,45103,ATM
903912,500639,2025-10-03,Debit,12735,IMPS
903913,500248,2025-01-04,Debit,10203,NEFT
903914,500405,2025-05-03,Credit,35686,UPI
903915,500588,2025-05-25,Debit,5583,ATM
903916,500411,2025-05-16,Credit,6585,ATM
903917,500331,2025-12-31,Debit,48102,ATM
903918,500519,2026-02-21,Debit,21762,ATM
903919,500682,2026-06-20,Debit,21233,Cash
903920,500368,2026-05-21,Debit,6645,NEFT
903921,500261,2026-04-27,Debit,18096,UPI
903922,500008,2025-02-23,Debit,34426,ATM
903923,500346,2026-06-18,Debit,34896,NEFT
903924,500299,2025-02-28,Debit,4772,ATM
903925,500392,2025-12-28,Debit,21405,UPI
903926,500158,2025-06-29,Debit,19927,Cash
903927,500071,2026-06-09,Debit,19505,UPI
903928,500148,2025-07-26,Credit,34787,ATM
903929,500548,2026-03-13,Credit,33691,NEFT
903930,500326,2026-04-27,Credit,47953,UPI
903931,500464,2025-01-21,Credit,26852,NEFT
903932,500047,2025-11-02,Debit,10184,NEFT
903933,500525,2026-02-26,Credit,11461,UPI
903934,500341,2025-02-19,Credit,2092,IMPS
903935,500285,2025-03-12,Credit,17736,IMPS
903936,500013,2026-03-20,Credit,39906,ATM
903937,500611,2026-05-12,Debit,8942,Cash
903938,500345,2025-06-06,Debit,7277,NEFT
903939,500372,2026-02-03,Debit,34613,UPI
903940,500306,2025-11-22,Credit,30511,NEFT
903941,500363,2026-01-22,Debit,19705,IMPS
903942,500015,2025-11-26,Debit,42057,NEFT
903943,500587,2025-09-15,Credit,22171,IMPS
903944,500644,2025-02-16,Credit,43213,ATM
903945,500002,2025-06-22,Debit,17812,NEFT
903946,500667,2025-02-15,Credit,5999,Cash
903947,500544,2025-05-24,Debit,34217,Cash
903948,500626,2025-01-18,Debit,12631,Cash
903949,500158,2025-02-11,Credit,6415,IMPS
903950,500451,2026-04-16,Debit,18823,IMPS
903951,500448,2026-04-17,Debit,40054,Cash
903952,500117,2025-11-13,Credit,33751,ATM
903953,500274,2026-06-20,Credit,13303,UPI
903954,500513,2026-06-19,Credit,39839,Cash
903955,500657,2026-06-17,Debit,45734,IMPS
903956,500284,2025-04-19,Debit,10531,NEFT
903957,500663,2025-08-14,Credit,28238,UPI
903958,500659,2026-01-05,Debit,47052,IMPS
903959,500287,2025-06-19,Debit,27624,ATM
903960,500300,2026-06-13,Credit,6565,ATM
903961,500198,2025-01-03,Debit,26501,NEFT
903962,500605,2025-08-07,Credit,24448,UPI
903963,500543,2025-04-03,Debit,35547,IMPS
903964,500154,2025-10-29,Credit,25100,Cash
903965,500349,2025-11-16,Debit,40919,IMPS
903966,500608,2025-01-24,Debit,10111,NEFT
903967,500137,2026-04-17,Credit,14522,ATM
903968,500122,2026-04-07,Credit,10028,NEFT
903969,500234,2026-04-28,Credit,2453,ATM
903970,500324,2025-10-07,Debit,3745,IMPS
903971,500288,2026-04-23,Debit,38171,Cash
903972,500266,2025-03-14,Debit,27672,ATM
903973,500322,2025-11-18,Credit,38985,IMPS
903974,500080,2025-02-10,Debit,49182,NEFT
903975,500474,2026-06-11,Credit,23217,IMPS
903976,500067,2025-11-25,Debit,39587,UPI
903977,500572,2025-11-06,Debit,33518,IMPS
903978,500643,2026-02-04,Credit,26641,IMPS
903979,500216,2026-06-02,Debit,36177,IMPS
903980,500454,2026-02-25,Credit,34514,UPI
903981,500160,2025-01-18,Debit,26222,UPI
903982,500155,2025-09-01,Debit,44746,UPI
903983,500185,2025-04-28,Credit,41521,Cash
903984,500091,2025-04-13,Credit,37263,IMPS
903985,500536,2026-02-01,Credit,33572,NEFT
903986,500028,2026-05-16,Credit,26431,ATM
903987,500611,2025-02-07,Credit,3185,ATM
903988,500601,2025-05-16,Credit,31625,NEFT
903989,500604,2025-05-28,Debit,36359,IMPS
903990,500237,2025-08-18,Debit,46397,IMPS
903991,500679,2026-03-24,Debit,39911,ATM
903992,500048,2025-09-06,Debit,2999,ATM
903993,500503,2025-12-02,Debit,33591,IMPS
903994,500424,2026-06-16,Credit,12617,Cash
903995,500363,2026-04-02,Credit,32005,ATM
903996,500242,2025-04-14,Credit,43235,NEFT
903997,500103,2025-11-27,Debit,22399,UPI
903998,500698,2025-11-22,Debit,44410,UPI
903999,500367,2025-05-11,Credit,34493,ATM
904000,500633,2025-08-16,Debit,46690,Cash
904001,500270,2025-02-15,Debit,24193,IMPS
904002,500551,2025-08-03,Credit,5103,Cash
904003,500066,2025-11-12,Debit,3468,UPI
904004,500157,2025-08-21,Debit,3325,NEFT
904005,500411,2026-07-03,Debit,7560,Cash
904006,500643,2026-02-07,Credit,48836,UPI
904007,500597,2026-03-25,Debit,40595,ATM
904008,500551,2025-02-24,Credit,15312,Cash
904009,500643,2025-10-01,Debit,28041,IMPS
904010,500299,2025-09-27,Debit,31100,IMPS
904011,500301,2025-01-26,Credit,27838,ATM
904012,500306,2025-01-23,Credit,28411,NEFT
904013,500138,2025-11-23,Debit,14428,ATM
904014,500519,2025-08-02,Credit,23369,IMPS
904015,500511,2026-01-10,Debit,46395,NEFT
904016,500616,2025-05-31,Debit,15404,UPI
904017,500522,2026-02-07,Credit,46674,UPI
904018,500140,2025-04-01,Debit,36748,Cash
904019,500678,2025-11-08,Credit,14961,NEFT
904020,500180,2025-11-04,Credit,24735,Cash
904021,500071,2025-12-22,Debit,35328,NEFT
904022,500598,2026-03-20,Debit,1670,ATM
904023,500213,2025-11-04,Debit,25285,ATM
904024,500261,2026-02-03,Credit,47754,UPI
904025,500354,2026-01-01,Debit,42718,UPI
904026,500643,2026-05-14,Debit,48644,IMPS
904027,500118,2026-03-11,Credit,29063,UPI
904028,500345,2025-01-14,Credit,10951,UPI
904029,500526,2025-04-07,Debit,37097,IMPS
904030,500074,2025-10-21,Credit,15037,Cash
904031,500281,2026-05-07,Debit,45912,UPI
904032,500605,2025-09-19,Credit,45581,ATM
904033,500461,2025-10-22,Credit,48330,NEFT
904034,500606,2025-05-09,Debit,19014,NEFT
904035,500207,2025-01-30,Credit,27936,Cash
904036,500031,2026-01-29,Credit,7739,IMPS
904037,500194,2026-03-02,Debit,29749,ATM
904038,500127,2026-01-22,Debit,27222,ATM
904039,500080,2025-01-02,Credit,20642,ATM
904040,500247,2025-10-12,Credit,2201,NEFT
904041,500132,2025-05-17,Credit,17707,IMPS
904042,500603,2025-02-10,Credit,13781,ATM
904043,500434,2025-08-15,Debit,32096,Cash
904044,500633,2025-01-17,Credit,31187,ATM
904045,500630,2025-03-15,Debit,9912,Cash
904046,500283,2026-02-18,Credit,18079,Cash
904047,500028,2025-06-18,Credit,16176,Cash
904048,500065,2026-04-14,Debit,26016,Cash
904049,500445,2025-11-11,Credit,24800,UPI
904050,500113,2026-01-28,Credit,32187,NEFT
904051,500389,2025-08-12,Credit,37298,IMPS
904052,500366,2026-01-26,Debit,23431,IMPS
904053,500162,2025-07-07,Debit,45012,ATM
904054,500385,2025-09-27,Credit,19671,IMPS
904055,500047,2025-01-27,Credit,35985,Cash
904056,500003,2025-07-03,Debit,22596,UPI
904057,500214,2025-10-05,Debit,44883,Cash
904058,500563,2026-02-13,Debit,9319,NEFT
904059,500547,2026-07-03,Credit,37630,UPI
904060,500308,2026-04-26,Credit,15397,UPI
904061,500259,2026-01-05,Debit,24870,UPI
904062,500383,2026-05-09,Debit,38127,NEFT
904063,500153,2026-01-02,Credit,7601,Cash
904064,500603,2026-04-14,Debit,38743,Cash
904065,500219,2025-03-07,Credit,45202,UPI
904066,500297,2025-01-15,Debit,18804,NEFT
904067,500452,2026-05-23,Debit,27947,UPI
904068,500527,2025-07-18,Credit,45868,IMPS
904069,500383,2026-05-30,Credit,4017,UPI
904070,500549,2026-05-07,Credit,5721,Cash
904071,500212,2025-03-28,Debit,6135,UPI
904072,500257,2025-08-23,Debit,31647,IMPS
904073,500423,2025-06-24,Credit,1068,ATM
904074,500562,2025-03-21,Debit,6477,UPI
904075,500630,2026-02-20,Debit,27837,Cash
904076,500132,2025-12-05,Debit,3565,ATM
904077,500658,2025-01-03,Credit,28137,IMPS
904078,500673,2025-07-22,Credit,47383,UPI
904079,500382,2025-09-27,Credit,46416,NEFT
904080,500013,2026-02-18,Credit,3559,NEFT
904081,500200,2025-02-25,Credit,33012,ATM
904082,500344,2025-12-10,Credit,44355,Cash
904083,500142,2025-06-22,Debit,48655,UPI
904084,500099,2025-10-24,Credit,1889,ATM
904085,500419,2026-05-07,Credit,6856,Cash
904086,500078,2025-09-20,Debit,48500,IMPS
904087,500580,2025-05-26,Credit,6355,ATM
904088,500435,2025-09-13,Credit,48608,IMPS
904089,500145,2025-05-12,Credit,9054,Cash
904090,500039,2025-02-02,Debit,15311,IMPS
904091,500134,2025-07-08,Credit,3192,Cash
904092,500387,2025-05-24,Credit,6365,IMPS
904093,500048,2025-03-19,Credit,49787,NEFT
904094,500263,2026-07-02,Debit,13801,NEFT
904095,500590,2025-04-14,Credit,15030,NEFT
904096,500373,2025-07-05,Debit,7750,NEFT
904097,500163,2025-09-07,Debit,22089,ATM
904098,500696,2025-10-18,Debit,8373,NEFT
904099,500312,2025-07-10,Debit,19656,Cash
904100,500625,2026-03-30,Debit,426,NEFT
904101,500271,2026-06-09,Debit,28241,NEFT
904102,500275,2025-06-28,Credit,47920,IMPS
904103,500366,2025-09-11,Debit,49275,ATM
904104,500652,2026-04-30,Credit,18235,IMPS
904105,500564,2026-01-05,Credit,40852,ATM
904106,500238,2025-12-31,Debit,6136,Cash
904107,500182,2026-01-28,Debit,24409,Cash
904108,500577,2025-03-09,Debit,32076,ATM
904109,500162,2026-01-14,Credit,42015,IMPS
904110,500063,2026-03-03,Debit,19770,UPI
904111,500273,2026-04-30,Debit,14463,NEFT
904112,500415,2026-01-15,Credit,19009,ATM
904113,500278,2026-02-08,Debit,47264,Cash
904114,500683,2025-08-27,Debit,13756,IMPS
904115,500595,2026-02-22,Credit,41636,IMPS
904116,500565,2025-12-14,Credit,10198,Cash
904117,500208,2026-02-02,Debit,38922,NEFT
904118,500305,2025-04-16,Debit,31217,UPI
904119,500161,2026-04-14,Debit,12978,IMPS
904120,500230,2025-11-28,Debit,14026,Cash
904121,500421,2025-12-03,Debit,16244,IMPS
904122,500027,2026-02-27,Credit,25875,IMPS
904123,500151,2025-10-31,Debit,38781,NEFT
904124,500631,2025-03-21,Debit,6403,Cash
904125,500230,2026-05-28,Credit,6752,ATM
904126,500528,2025-07-21,Debit,5892,UPI
904127,500251,2025-01-24,Debit,13745,ATM
904128,500134,2026-01-24,Credit,31002,NEFT
904129,500005,2025-04-08,Debit,35247,IMPS
904130,500434,2026-05-09,Credit,36533,NEFT
904131,500396,2025-10-09,Credit,7821,NEFT
904132,500126,2025-10-20,Debit,12975,IMPS
904133,500305,2026-03-29,Debit,12154,Cash
904134,500658,2025-10-12,Credit,49164,IMPS
904135,500649,2025-06-18,Debit,46141,Cash
904136,500353,2026-02-20,Credit,12634,IMPS
904137,500112,2026-04-17,Credit,49124,IMPS
904138,500603,2025-11-04,Credit,14205,ATM
904139,500587,2025-09-26,Credit,43862,UPI
904140,500186,2026-02-28,Debit,47194,Cash
904141,500581,2026-04-17,Credit,40759,ATM
904142,500463,2025-01-27,Debit,44790,IMPS
904143,500230,2025-08-12,Debit,14562,IMPS
904144,500114,2025-02-03,Credit,25634,UPI
904145,500174,2025-12-25,Credit,7544,ATM
904146,500253,2025-10-06,Credit,50000,UPI
904147,500200,2025-08-20,Credit,17937,Cash
904148,500221,2026-05-03,Debit,31690,NEFT
904149,500281,2026-07-01,Credit,18544,UPI
904150,500577,2025-09-29,Credit,47834,UPI
904151,500073,2026-03-21,Debit,39454,NEFT
904152,500039,2025-03-17,Debit,35778,UPI
904153,500107,2026-02-15,Credit,18641,IMPS
904154,500671,2025-03-27,Credit,3216,Cash
904155,500672,2025-06-15,Credit,9964,IMPS
904156,500576,2026-03-04,Debit,7903,ATM
904157,500558,2025-02-03,Credit,40787,IMPS
904158,500041,2025-09-10,Debit,9562,UPI
904159,500206,2025-09-22,Debit,19915,IMPS
904160,500268,2025-06-09,Credit,13831,Cash
904161,500203,2025-03-18,Debit,4122,ATM
904162,500580,2025-04-09,Debit,38876,UPI
904163,500211,2026-01-27,Credit,5332,Cash
904164,500493,2025-04-12,Credit,32573,UPI
904165,500209,2025-05-19,Credit,38305,Cash
904166,500017,2025-05-19,Debit,30504,UPI
904167,500166,2026-06-18,Credit,19061,UPI
904168,500123,2025-05-16,Debit,41518,Cash
904169,500325,2025-05-20,Debit,45791,UPI
904170,500623,2025-08-07,Debit,31323,IMPS
904171,500378,2026-05-18,Debit,19404,ATM
904172,500193,2025-03-15,Credit,36414,UPI
904173,500039,2026-05-27,Debit,40382,UPI
904174,500674,2026-01-24,Credit,37953,Cash
904175,500174,2025-09-13,Credit,7896,Cash
904176,500291,2025-02-19,Credit,46629,NEFT
904177,500085,2025-12-10,Credit,21824,UPI
904178,500421,2026-03-20,Credit,25563,UPI
904179,500417,2025-09-17,Debit,22194,NEFT
904180,500331,2025-06-29,Debit,48570,Cash
904181,500077,2025-01-03,Credit,41584,Cash
904182,500290,2026-05-14,Credit,46472,ATM
904183,500598,2025-10-10,Debit,28013,ATM
904184,500620,2025-10-17,Credit,3924,UPI
904185,500379,2025-04-19,Debit,28456,ATM
904186,500357,2026-02-16,Credit,24061,Cash
904187,500517,2025-10-31,Credit,12173,ATM
904188,500654,2025-03-30,Debit,10327,ATM
904189,500414,2025-05-17,Debit,26648,Cash
904190,500027,2025-09-23,Debit,623,ATM
904191,500024,2025-02-13,Credit,19371,Cash
904192,500114,2025-08-16,Credit,24877,IMPS
904193,500664,2026-03-08,Credit,17183,UPI
904194,500525,2026-04-01,Credit,437,UPI
904195,500654,2026-02-26,Debit,35587,IMPS
904196,500061,2025-10-06,Credit,31941,NEFT
904197,500550,2025-05-25,Credit,31014,ATM
904198,500173,2025-07-16,Credit,8076,Cash
904199,500676,2025-06-15,Credit,15131,NEFT
904200,500566,2025-06-01,Credit,11568,IMPS
904201,500159,2025-10-18,Credit,35230,Cash
904202,500483,2025-12-01,Credit,34572,NEFT
904203,500367,2025-11-01,Credit,184,Cash
904204,500095,2025-02-09,Debit,29746,IMPS
904205,500119,2025-08-22,Debit,6770,UPI
904206,500253,2025-12-22,Credit,20705,NEFT
904207,500327,2026-03-30,Credit,10895,IMPS
904208,500607,2025-05-15,Credit,28718,Cash
904209,500121,2026-01-04,Debit,36572,UPI
904210,500614,2026-04-21,Credit,2014,NEFT
904211,500554,2025-01-18,Credit,1655,Cash
904212,500105,2025-10-22,Debit,15998,Cash
904213,500080,2025-12-07,Credit,33558,UPI
904214,500672,2025-09-26,Debit,30871,IMPS
904215,500420,2026-04-11,Debit,48122,NEFT
904216,500564,2025-02-07,Credit,5670,IMPS
904217,500691,2025-08-17,Credit,25365,NEFT
904218,500353,2026-05-25,Credit,44250,NEFT
904219,500476,2025-04-29,Credit,6479,NEFT
904220,500677,2026-04-01,Debit,15799,ATM
904221,500611,2025-01-15,Debit,21853,IMPS
904222,500331,2025-12-19,Debit,24484,IMPS
904223,500586,2025-11-10,Credit,35799,Cash
904224,500192,2025-01-01,Debit,39601,ATM
904225,500581,2025-02-20,Debit,23646,NEFT
904226,500533,2026-03-16,Credit,24824,UPI
904227,500050,2026-02-02,Debit,27649,ATM
904228,500247,2025-08-28,Debit,49654,Cash
904229,500381,2026-03-31,Credit,5539,ATM
904230,500326,2025-05-28,Debit,27256,UPI
904231,500229,2026-03-05,Credit,19684,IMPS
904232,500566,2025-03-01,Credit,23543,NEFT
904233,500651,2025-01-21,Debit,12843,ATM
904234,500409,2025-06-14,Debit,19482,Cash
904235,500309,2026-04-16,Debit,11919,Cash
904236,500010,2026-06-29,Debit,44357,NEFT
904237,500247,2025-05-25,Debit,11510,NEFT
904238,500309,2026-06-09,Credit,2191,Cash
904239,500082,2026-04-11,Credit,20272,UPI
904240,500339,2025-12-17,Credit,26204,IMPS
904241,500111,2025-12-02,Debit,20765,ATM
904242,500289,2025-01-30,Debit,11510,ATM
904243,500577,2026-01-23,Credit,10726,Cash
904244,500169,2026-01-13,Debit,4126,NEFT
904245,500219,2025-08-15,Credit,40770,Cash
904246,500692,2025-10-26,Debit,11980,NEFT
904247,500085,2025-11-26,Credit,34530,ATM
904248,500232,2025-02-17,Debit,1427,NEFT
904249,500620,2026-03-22,Debit,12146,IMPS
904250,500615,2025-04-03,Debit,10450,UPI
904251,500498,2025-10-30,Credit,39437,NEFT
904252,500135,2025-01-28,Debit,5802,ATM
904253,500476,2025-07-01,Credit,23639,NEFT
904254,500605,2025-06-30,Debit,25164,IMPS
904255,500215,2026-05-02,Credit,26066,NEFT
904256,500130,2025-12-30,Credit,14219,UPI
904257,500237,2025-06-10,Credit,19896,IMPS
904258,500367,2025-01-08,Credit,10010,UPI
904259,500429,2025-04-08,Credit,7062,IMPS
904260,500246,2025-09-07,Credit,24588,IMPS
904261,500232,2026-05-17,Debit,5654,IMPS
904262,500064,2025-01-03,Credit,42444,UPI
904263,500189,2025-12-16,Debit,6617,ATM
904264,500150,2025-07-08,Debit,24779,Cash
904265,500505,2025-03-07,Debit,23293,IMPS
904266,500317,2025-01-03,Debit,38069,IMPS
904267,500147,2025-08-21,Credit,18820,Cash
904268,500223,2025-05-20,Credit,5529,ATM
904269,500667,2026-04-25,Debit,35127,UPI
904270,500292,2025-12-06,Debit,19080,ATM
904271,500295,2025-09-08,Debit,942,UPI
904272,500630,2025-10-30,Debit,12932,IMPS
904273,500107,2025-03-24,Debit,32799,ATM
904274,500431,2026-03-15,Debit,3928,Cash
904275,500182,2026-04-28,Debit,4484,NEFT
904276,500028,2025-06-13,Credit,45994,Cash
904277,500489,2025-02-26,Debit,43496,UPI
904278,500640,2025-03-03,Credit,8753,NEFT
904279,500071,2025-04-27,Debit,31456,IMPS
904280,500697,2026-03-29,Credit,25421,ATM
904281,500648,2026-03-14,Credit,22074,NEFT
904282,500139,2025-06-04,Credit,44923,ATM
904283,500127,2025-12-31,Credit,4793,NEFT
904284,500388,2026-06-14,Debit,42509,IMPS
904285,500377,2026-03-01,Credit,32735,UPI
904286,500086,2025-10-20,Credit,39832,Cash
904287,500198,2025-01-23,Credit,1995,NEFT
904288,500465,2025-12-11,Credit,37442,IMPS
904289,500579,2025-06-02,Credit,46174,UPI
904290,500213,2025-05-27,Debit,28762,Cash
904291,500614,2026-05-30,Debit,25002,IMPS
904292,500214,2025-05-10,Debit,49577,IMPS
904293,500265,2025-04-16,Debit,43295,IMPS
904294,500207,2026-05-24,Debit,22545,IMPS
904295,500074,2025-12-16,Credit,34427,NEFT
904296,500043,2025-04-07,Credit,18108,UPI
904297,500398,2025-12-28,Credit,45996,ATM
904298,500403,2025-10-27,Credit,28351,ATM
904299,500226,2026-01-13,Credit,9569,ATM
904300,500188,2025-10-14,Debit,22737,NEFT
904301,500255,2026-05-16,Debit,44182,ATM
904302,500322,2026-01-31,Debit,27017,Cash
904303,500542,2026-03-28,Debit,38679,ATM
904304,500164,2025-06-18,Debit,37963,Cash
904305,500377,2025-05-04,Credit,20208,ATM
904306,500641,2025-05-22,Debit,480,ATM
904307,500593,2025-05-13,Debit,21529,ATM
904308,500547,2025-12-08,Credit,9471,UPI
904309,500432,2025-05-10,Debit,27486,ATM
904310,500184,2025-08-25,Debit,46116,UPI
904311,500629,2026-03-28,Credit,16969,Cash
904312,500142,2025-03-16,Credit,37817,UPI
904313,500309,2026-03-24,Debit,386,NEFT
904314,500151,2025-07-20,Debit,32437,ATM
904315,500564,2025-01-07,Debit,22702,ATM
904316,500581,2026-04-20,Credit,24582,UPI
904317,500533,2025-10-26,Credit,30178,UPI
904318,500209,2025-08-24,Credit,6234,Cash
904319,500464,2025-05-28,Credit,12752,ATM
904320,500661,2025-06-09,Credit,37284,Cash
904321,500325,2025-03-07,Debit,32097,ATM
904322,500456,2025-01-13,Debit,13019,ATM
904323,500646,2025-08-13,Credit,34193,ATM
904324,500206,2025-01-05,Credit,4514,NEFT
904325,500156,2025-01-28,Credit,47288,IMPS
904326,500300,2026-05-31,Debit,8390,ATM
904327,500260,2025-07-28,Credit,49431,NEFT
904328,500434,2026-04-08,Debit,1603,IMPS
904329,500171,2026-02-20,Debit,47533,UPI
904330,500212,2026-01-26,Credit,22091,Cash
904331,500622,2025-10-20,Debit,39381,NEFT
904332,500025,2026-01-15,Debit,18445,IMPS
904333,500054,2025-04-27,Credit,9640,Cash
904334,500637,2026-01-14,Credit,37057,NEFT
904335,500384,2025-02-21,Credit,5175,UPI
904336,500340,2025-10-26,Debit,7290,ATM
904337,500354,2026-06-28,Credit,35547,UPI
904338,500222,2026-06-21,Credit,18832,Cash
904339,500654,2025-03-11,Credit,18571,UPI
904340,500279,2025-09-05,Credit,22943,ATM
904341,500395,2026-06-06,Debit,5070,NEFT
904342,500339,2025-07-15,Credit,18085,IMPS
904343,500662,2025-08-11,Debit,20435,ATM
904344,500328,2025-12-27,Credit,13016,UPI
904345,500640,2025-01-13,Credit,26531,IMPS
904346,500326,2026-01-26,Debit,29419,UPI
904347,500499,2026-04-07,Debit,2465,UPI
904348,500623,2025-02-08,Credit,30416,UPI
904349,500415,2026-06-24,Credit,31801,UPI
904350,500447,2025-04-06,Credit,24073,IMPS
904351,500399,2026-03-11,Debit,7493,UPI
904352,500583,2026-04-27,Debit,28840,Cash
904353,500594,2026-06-18,Credit,43615,NEFT
904354,500164,2026-02-28,Credit,31327,UPI
904355,500329,2025-01-29,Debit,35247,NEFT
904356,500384,2025-07-14,Debit,23466,IMPS
904357,500069,2025-12-23,Debit,21540,ATM
904358,500154,2026-01-14,Credit,24003,NEFT
904359,500254,2026-06-06,Credit,18600,NEFT
904360,500398,2026-02-14,Credit,6277,ATM
904361,500494,2025-12-10,Credit,4460,Cash
904362,500553,2025-10-02,Debit,28133,IMPS
904363,500497,2025-08-02,Credit,13364,UPI
904364,500156,2026-06-12,Debit,13502,NEFT
904365,500474,2025-07-03,Debit,49510,ATM
904366,500441,2025-08-16,Debit,20852,UPI
904367,500654,2026-01-15,Credit,10887,Cash
904368,500129,2026-06-15,Debit,19749,ATM
904369,500110,2025-09-02,Credit,35775,ATM
904370,500196,2025-01-08,Debit,8296,UPI
904371,500655,2026-04-13,Credit,36509,NEFT
904372,500496,2026-05-02,Debit,29976,UPI
904373,500124,2026-05-29,Debit,9288,Cash
904374,500132,2026-05-08,Debit,13103,UPI
904375,500618,2025-03-04,Credit,29105,UPI
904376,500150,2025-03-16,Credit,9377,Cash
904377,500145,2025-07-18,Debit,44345,Cash
904378,500501,2025-08-10,Credit,22958,ATM
904379,500679,2026-04-03,Debit,6256,IMPS
904380,500438,2025-05-04,Debit,7199,ATM
904381,500374,2026-03-21,Debit,26233,ATM
904382,500467,2026-02-21,Debit,2766,IMPS
904383,500625,2026-01-22,Credit,12864,Cash
904384,500273,2025-01-17,Credit,40404,Cash
904385,500156,2025-06-15,Debit,9170,ATM
904386,500699,2026-01-09,Credit,30174,IMPS
904387,500206,2025-07-06,Credit,5883,IMPS
904388,500078,2025-09-22,Credit,40979,UPI
904389,500470,2025-01-22,Debit,45534,Cash
904390,500490,2025-09-07,Debit,3381,UPI
904391,500343,2026-05-20,Credit,5514,Cash
904392,500039,2025-04-09,Credit,4637,ATM
904393,500156,2026-03-06,Credit,2113,IMPS
904394,500034,2025-05-18,Debit,22949,IMPS
904395,500586,2025-08-02,Debit,30818,Cash
904396,500613,2026-04-12,Credit,14560,Cash
904397,500296,2026-06-04,Credit,23572,ATM
904398,500092,2025-07-11,Credit,18691,IMPS
904399,500413,2026-04-29,Credit,16624,ATM
904400,500249,2026-06-02,Debit,41621,ATM
904401,500291,2025-09-03,Credit,1603,NEFT
904402,500094,2026-05-22,Credit,43183,ATM
904403,500434,2026-01-09,Credit,34076,NEFT
904404,500318,2026-02-07,Debit,17392,IMPS
904405,500171,2026-05-26,Credit,19111,UPI
904406,500041,2025-02-05,Credit,1462,IMPS
904407,500401,2025-02-20,Credit,20035,ATM
904408,500018,2025-11-24,Credit,38715,UPI
904409,500573,2025-12-13,Debit,13762,NEFT
904410,500508,2025-04-28,Debit,42809,NEFT
904411,500059,2025-07-22,Credit,21089,ATM
904412,500672,2025-08-11,Debit,39308,NEFT
904413,500014,2025-04-02,Credit,3826,UPI
904414,500604,2025-02-23,Credit,4423,IMPS
904415,500455,2026-06-18,Credit,47752,UPI
904416,500318,2026-06-29,Credit,11469,IMPS
904417,500660,2025-08-25,Debit,45910,Cash
904418,500067,2025-12-10,Credit,41059,UPI
904419,500637,2025-08-24,Credit,17303,NEFT
904420,500649,2026-03-31,Debit,27932,UPI
904421,500249,2026-03-04,Debit,11266,IMPS
904422,500659,2025-01-26,Credit,9296,NEFT
904423,500691,2026-03-16,Credit,22958,IMPS
904424,500311,2026-04-15,Debit,30115,UPI
904425,500356,2025-08-14,Credit,5885,UPI
904426,500358,2025-08-06,Credit,648,IMPS
904427,500444,2026-05-25,Credit,39727,ATM
904428,500634,2026-05-31,Debit,9242,UPI
904429,500572,2025-05-08,Debit,9270,ATM
904430,500621,2025-08-27,Debit,26851,Cash
904431,500664,2025-01-30,Credit,26677,ATM
904432,500438,2026-05-06,Credit,33463,ATM
904433,500491,2026-02-12,Credit,43235,IMPS
904434,500556,2025-08-10,Debit,15578,ATM
904435,500558,2026-06-23,Debit,1710,UPI
904436,500671,2026-02-11,Credit,30239,ATM
904437,500177,2025-06-12,Credit,27960,ATM
904438,500446,2026-03-31,Credit,37447,NEFT
904439,500459,2026-02-11,Credit,25998,Cash
904440,500174,2025-07-11,Credit,30495,Cash
904441,500595,2025-09-05,Debit,37167,IMPS
904442,500109,2025-05-19,Debit,22473,IMPS
904443,500489,2026-05-07,Debit,10080,ATM
904444,500331,2026-05-23,Debit,19523,UPI
904445,500563,2025-07-12,Debit,48731,IMPS
904446,500026,2025-11-21,Credit,4847,Cash
904447,500128,2026-03-28,Credit,25497,Cash
904448,500495,2025-07-12,Credit,9214,IMPS
904449,500361,2026-02-10,Debit,6182,IMPS
904450,500546,2026-03-28,Credit,42586,UPI
904451,500316,2026-06-23,Debit,2680,UPI
904452,500668,2026-01-05,Credit,385,IMPS
904453,500189,2025-09-26,Debit,39052,NEFT
904454,500536,2026-04-03,Debit,23010,ATM
904455,500051,2025-08-27,Credit,9359,IMPS
904456,500201,2025-01-19,Credit,6763,NEFT
904457,500349,2025-01-14,Credit,42288,IMPS
904458,500401,2025-02-06,Debit,18137,NEFT
904459,500586,2025-01-24,Debit,43456,IMPS
904460,500353,2025-06-02,Credit,10720,NEFT
904461,500194,2026-02-22,Credit,7903,IMPS
904462,500017,2026-01-29,Credit,2842,UPI
904463,500511,2025-07-20,Credit,9019,Cash
904464,500177,2026-01-30,Debit,9202,Cash
904465,500588,2026-04-08,Debit,15777,ATM
904466,500651,2025-10-23,Credit,45797,Cash
904467,500507,2025-04-05,Debit,20093,ATM
904468,500680,2026-01-12,Debit,44552,ATM
904469,500262,2025-02-20,Debit,35669,ATM
904470,500214,2026-01-06,Debit,16690,Cash
904471,500225,2025-09-18,Debit,47584,UPI
904472,500288,2026-01-25,Debit,36077,IMPS
904473,500679,2026-03-05,Debit,33792,NEFT
904474,500683,2025-10-02,Credit,19542,IMPS
904475,500235,2025-12-28,Debit,41386,NEFT
904476,500427,2026-05-22,Credit,28554,ATM
904477,500307,2026-06-15,Debit,15850,NEFT
904478,500031,2026-04-17,Debit,24015,IMPS
904479,500483,2025-01-05,Debit,16071,NEFT
904480,500667,2026-02-23,Credit,43149,Cash
904481,500308,2025-09-07,Debit,39229,Cash
904482,500549,2025-02-02,Debit,1658,Cash
904483,500327,2025-03-03,Debit,47333,UPI
904484,500611,2025-06-29,Debit,26372,ATM
904485,500170,2025-01-09,Credit,30107,NEFT
904486,500288,2025-06-26,Credit,37268,UPI
904487,500479,2026-04-03,Credit,48485,ATM
904488,500146,2025-11-19,Debit,41711,Cash
904489,500683,2025-01-05,Credit,36946,UPI
904490,500065,2026-03-08,Credit,22059,IMPS
904491,500360,2025-04-23,Debit,2619,NEFT
904492,500652,2025-01-05,Debit,22611,UPI
904493,500674,2025-07-09,Credit,20524,NEFT
904494,500352,2025-08-21,Credit,9227,ATM
904495,500611,2025-09-29,Credit,14766,ATM
904496,500636,2025-12-05,Credit,5255,UPI
904497,500115,2025-05-26,Credit,43145,Cash
904498,500590,2025-01-30,Debit,11035,ATM
904499,500367,2025-07-09,Debit,17414,NEFT
904500,500565,2026-03-21,Debit,12104,Cash
904501,500114,2025-02-22,Debit,32599,NEFT
904502,500542,2025-07-17,Debit,22943,Cash
904503,500351,2025-03-24,Debit,41513,ATM
904504,500042,2025-03-24,Credit,21345,UPI
904505,500081,2026-05-04,Debit,22645,Cash
904506,500321,2025-08-14,Debit,45879,UPI
904507,500428,2025-05-19,Debit,12320,IMPS
904508,500111,2026-03-02,Debit,13193,NEFT
904509,500453,2025-09-14,Debit,6356,NEFT
904510,500089,2025-11-22,Debit,24646,ATM
904511,500171,2026-03-12,Debit,6752,NEFT
904512,500435,2025-01-30,Debit,34553,UPI
904513,500524,2026-03-29,Debit,10571,UPI
904514,500604,2025-03-02,Debit,37522,NEFT
904515,500086,2026-03-18,Credit,1422,NEFT
904516,500634,2025-12-11,Credit,28662,ATM
904517,500061,2025-11-15,Debit,2229,Cash
904518,500631,2025-05-27,Credit,44479,ATM
904519,500452,2025-08-22,Credit,11453,NEFT
904520,500288,2025-08-23,Credit,20322,IMPS
904521,500353,2025-04-03,Debit,42712,NEFT
904522,500059,2025-05-29,Debit,39933,NEFT
904523,500411,2025-11-01,Debit,3127,NEFT
904524,500567,2025-06-29,Credit,7116,NEFT
904525,500262,2025-05-16,Debit,23811,Cash
904526,500453,2026-01-23,Debit,12211,IMPS
904527,500625,2025-03-07,Credit,47176,Cash
904528,500300,2025-01-25,Debit,41303,Cash
904529,500199,2025-03-29,Credit,42495,Cash
904530,500255,2026-03-23,Debit,14847,UPI
904531,500040,2025-06-10,Debit,31796,UPI
904532,500695,2025-04-20,Debit,1135,ATM
904533,500151,2025-04-28,Debit,39746,NEFT
904534,500400,2025-12-14,Credit,29716,NEFT
904535,500166,2026-06-06,Credit,28107,NEFT
904536,500630,2025-03-27,Credit,48016,IMPS
904537,500501,2025-08-23,Credit,10371,UPI
904538,500608,2025-09-10,Debit,37272,UPI
904539,500330,2026-03-30,Credit,44624,ATM
904540,500446,2026-05-11,Credit,1863,Cash
904541,500141,2026-06-11,Debit,32037,UPI
904542,500453,2025-10-27,Debit,39084,IMPS
904543,500083,2026-01-18,Credit,3801,Cash
904544,500281,2025-11-22,Credit,778,NEFT
904545,500007,2025-05-15,Debit,48754,IMPS
904546,500250,2026-05-22,Credit,14062,Cash
904547,500654,2025-12-21,Credit,11247,IMPS
904548,500324,2026-05-31,Debit,29760,ATM
904549,500049,2025-09-01,Credit,17938,UPI
904550,500620,2025-07-30,Debit,26844,ATM
904551,500696,2025-12-23,Debit,41088,UPI
904552,500550,2025-05-30,Credit,27884,IMPS
904553,500518,2025-04-09,Credit,5049,NEFT
904554,500563,2025-05-16,Debit,11406,UPI
904555,500050,2025-11-18,Credit,16070,NEFT
904556,500288,2026-01-20,Credit,6689,IMPS
904557,500318,2025-06-13,Credit,291,UPI
904558,500241,2026-07-03,Credit,23801,NEFT
904559,500178,2025-02-02,Credit,45001,UPI
904560,500689,2026-02-01,Credit,47526,ATM
904561,500228,2026-03-02,Credit,15668,IMPS
904562,500579,2025-03-30,Debit,16191,ATM
904563,500615,2025-01-13,Debit,49192,IMPS
904564,500607,2025-11-10,Debit,28176,ATM
904565,500189,2025-02-17,Credit,1616,Cash
904566,500133,2025-03-24,Debit,45893,UPI
904567,500052,2026-05-01,Credit,30033,UPI
904568,500445,2025-09-05,Debit,36841,Cash
904569,500029,2026-06-30,Debit,6928,NEFT
904570,500222,2026-04-15,Credit,34774,Cash
904571,500083,2025-04-23,Credit,40877,Cash
904572,500659,2025-11-08,Debit,17109,Cash
904573,500431,2026-04-29,Credit,40524,ATM
904574,500353,2025-12-13,Debit,7629,IMPS
904575,500191,2026-04-10,Debit,32770,UPI
904576,500242,2026-03-26,Debit,48227,UPI
904577,500692,2026-05-29,Debit,49257,NEFT
904578,500436,2025-09-04,Debit,26366,UPI
904579,500138,2026-02-16,Debit,28976,IMPS
904580,500225,2025-01-26,Debit,23919,ATM
904581,500213,2026-04-15,Credit,12918,IMPS
904582,500538,2026-05-05,Debit,3149,NEFT
904583,500144,2025-08-11,Debit,43826,ATM
904584,500071,2025-11-06,Debit,25723,ATM
904585,500181,2026-05-22,Debit,13521,NEFT
904586,500001,2025-10-31,Credit,4793,ATM
904587,500427,2025-04-10,Debit,11510,UPI
904588,500384,2025-07-10,Debit,33612,NEFT
904589,500116,2026-02-11,Debit,13679,ATM
904590,500269,2026-05-06,Credit,16500,ATM
904591,500321,2026-01-22,Debit,38973,IMPS
904592,500495,2025-01-23,Credit,24833,IMPS
904593,500573,2025-08-25,Credit,1955,Cash
904594,500555,2025-08-14,Debit,44855,IMPS
904595,500657,2025-08-22,Debit,47871,NEFT
904596,500081,2025-12-19,Credit,49043,NEFT
904597,500609,2025-04-27,Credit,31724,UPI
904598,500393,2025-12-04,Credit,18460,UPI
904599,500045,2025-09-28,Credit,24814,NEFT
904600,500593,2025-04-07,Credit,35700,ATM
904601,500175,2025-05-12,Credit,18500,ATM
904602,500128,2026-06-16,Credit,1438,UPI
904603,500550,2025-04-27,Debit,45747,IMPS
904604,500411,2025-02-24,Debit,22032,ATM
904605,500539,2026-06-18,Debit,37884,ATM
904606,500292,2026-04-05,Credit,20791,NEFT
904607,500139,2025-04-20,Debit,8242,UPI
904608,500286,2026-02-24,Debit,27461,Cash
904609,500530,2025-04-08,Credit,716,ATM
904610,500079,2026-05-20,Credit,41508,Cash
904611,500417,2025-09-07,Credit,26834,NEFT
904612,500097,2025-06-22,Debit,24120,Cash
904613,500460,2025-07-02,Debit,6873,ATM
904614,500612,2025-11-09,Debit,14381,ATM
904615,500575,2026-06-04,Credit,5911,IMPS
904616,500217,2026-06-23,Credit,25787,IMPS
904617,500171,2025-02-18,Credit,13677,UPI
904618,500512,2025-03-20,Debit,32458,Cash
904619,500194,2025-06-25,Credit,25594,NEFT
904620,500200,2026-03-08,Credit,15964,UPI
904621,500482,2026-06-24,Debit,17647,IMPS
904622,500038,2025-02-16,Debit,45270,IMPS
904623,500058,2025-09-06,Debit,44176,NEFT
904624,500616,2026-01-01,Debit,24451,IMPS
904625,500341,2026-05-31,Credit,22496,ATM
904626,500241,2025-05-07,Credit,31677,Cash
904627,500224,2025-06-07,Credit,21212,Cash
904628,500109,2026-03-25,Debit,4670,IMPS
904629,500189,2025-11-27,Credit,41345,Cash
904630,500506,2026-03-08,Credit,7066,NEFT
904631,500193,2026-02-20,Credit,8063,IMPS
904632,500405,2025-08-27,Debit,23562,Cash
904633,500101,2025-08-01,Debit,20962,NEFT
904634,500097,2025-11-18,Debit,14362,UPI
904635,500618,2025-09-06,Credit,30921,IMPS
904636,500410,2026-06-18,Debit,40847,UPI
904637,500667,2026-03-15,Debit,23847,IMPS
904638,500552,2026-04-21,Credit,41363,Cash
904639,500033,2025-06-30,Credit,30305,ATM
904640,500652,2025-07-12,Debit,42754,UPI
904641,500429,2026-02-15,Credit,4460,NEFT
904642,500221,2026-04-27,Credit,28201,ATM
904643,500030,2026-05-05,Credit,8031,ATM
904644,500673,2025-08-20,Debit,834,NEFT
904645,500313,2025-05-16,Credit,42458,NEFT
904646,500277,2025-04-07,Credit,4119,ATM
904647,500690,2025-09-09,Credit,48171,NEFT
904648,500445,2025-11-17,Debit,1044,UPI
904649,500558,2025-04-13,Debit,19117,Cash
904650,500173,2025-10-31,Debit,10277,UPI
904651,500162,2025-10-14,Credit,49510,Cash
904652,500008,2025-11-12,Debit,27058,Cash
904653,500094,2025-05-01,Debit,43181,UPI
904654,500345,2026-03-03,Debit,628,IMPS
904655,500590,2025-10-19,Credit,20345,ATM
904656,500360,2025-07-17,Credit,12717,ATM
904657,500040,2025-11-24,Debit,41799,NEFT
904658,500308,2025-11-29,Credit,44951,IMPS
904659,500058,2026-06-05,Credit,25366,UPI
904660,500684,2025-03-14,Credit,42239,NEFT
904661,500326,2026-01-28,Debit,40503,Cash
904662,500186,2025-06-29,Credit,41661,NEFT
904663,500248,2026-05-07,Debit,46704,ATM
904664,500444,2026-03-10,Credit,11102,IMPS
904665,500356,2025-08-28,Credit,35309,ATM
904666,500096,2025-09-14,Credit,4387,IMPS
904667,500197,2025-01-17,Credit,20124,NEFT
904668,500288,2025-06-02,Debit,244,ATM
904669,500435,2025-07-01,Credit,17805,ATM
904670,500196,2025-07-26,Debit,44307,IMPS
904671,500552,2025-08-24,Credit,16965,NEFT
904672,500484,2026-01-15,Credit,48437,IMPS
904673,500391,2026-03-23,Debit,48049,UPI
904674,500520,2026-03-22,Debit,18972,NEFT
904675,500292,2025-09-13,Credit,25247,IMPS
904676,500137,2025-12-04,Debit,1464,ATM
904677,500276,2025-07-29,Debit,1522,IMPS
904678,500356,2025-06-17,Debit,39996,Cash
904679,500492,2025-01-09,Credit,37410,ATM
904680,500620,2026-03-09,Debit,21514,NEFT
904681,500331,2025-04-09,Debit,26632,Cash
904682,500046,2025-09-22,Debit,8265,IMPS
904683,500536,2025-07-26,Credit,2566,IMPS
904684,500603,2025-12-15,Debit,9037,IMPS
904685,500521,2026-04-12,Credit,18107,Cash
904686,500626,2026-02-16,Debit,33939,ATM
904687,500441,2026-04-06,Debit,30048,UPI
904688,500419,2025-04-20,Debit,45993,UPI
904689,500444,2025-02-22,Credit,17195,IMPS
904690,500451,2025-03-26,Credit,1824,NEFT
904691,500537,2025-09-24,Debit,6825,Cash
904692,500402,2026-05-07,Debit,27548,ATM
904693,500334,2025-01-01,Debit,5118,IMPS
904694,500518,2026-03-09,Credit,45072,UPI
904695,500394,2026-05-19,Debit,17189,IMPS
904696,500700,2025-07-05,Credit,18717,NEFT
904697,500377,2026-03-22,Debit,1322,Cash
904698,500332,2025-01-18,Debit,26901,ATM
904699,500591,2025-08-23,Debit,22589,Cash
904700,500047,2025-05-19,Debit,11761,IMPS
904701,500446,2025-03-15,Debit,46172,IMPS
904702,500602,2025-06-21,Debit,29309,UPI
904703,500308,2025-02-04,Credit,21755,UPI
904704,500699,2025-09-04,Debit,46350,ATM
904705,500439,2025-06-26,Debit,19816,IMPS
904706,500074,2026-02-26,Credit,34001,Cash
904707,500587,2025-09-08,Debit,36753,UPI
904708,500688,2026-01-30,Credit,21273,IMPS
904709,500360,2025-08-15,Credit,47291,UPI
904710,500023,2025-03-23,Credit,28888,IMPS
904711,500592,2026-01-22,Debit,5608,IMPS
904712,500665,2025-08-02,Credit,49847,Cash
904713,500659,2026-05-31,Debit,9761,ATM
904714,500471,2025-12-25,Debit,49840,ATM
904715,500050,2025-08-10,Debit,21566,ATM
904716,500151,2025-02-22,Credit,49078,ATM
904717,500221,2025-09-17,Debit,44664,Cash
904718,500217,2025-09-22,Debit,33436,IMPS
904719,500387,2025-09-08,Credit,6978,IMPS
904720,500074,2025-06-04,Credit,14671,Cash
904721,500451,2026-03-08,Credit,31346,UPI
904722,500460,2025-08-14,Credit,29361,Cash
904723,500287,2026-01-01,Debit,30348,ATM
904724,500178,2026-02-28,Credit,25536,NEFT
904725,500402,2026-04-01,Debit,45753,UPI
904726,500522,2026-05-16,Debit,17464,ATM
904727,500384,2025-10-07,Debit,42702,NEFT
904728,500293,2026-05-30,Debit,9166,IMPS
904729,500363,2025-07-14,Debit,49245,ATM
904730,500260,2025-01-29,Credit,31308,ATM
904731,500477,2026-03-06,Debit,18541,UPI
904732,500272,2025-06-03,Credit,31558,ATM
904733,500479,2025-12-30,Credit,20293,IMPS
904734,500456,2025-12-26,Credit,19632,UPI
904735,500078,2025-11-21,Debit,13711,NEFT
904736,500061,2025-03-01,Credit,42262,UPI
904737,500585,2025-10-12,Credit,26906,Cash
904738,500408,2026-01-01,Credit,15970,Cash
904739,500270,2025-12-18,Credit,34528,Cash
904740,500671,2026-03-09,Debit,16221,Cash
904741,500185,2025-07-25,Credit,27075,ATM
904742,500033,2025-01-14,Credit,17154,ATM
904743,500030,2025-03-22,Credit,4027,NEFT
904744,500316,2026-01-06,Debit,5198,UPI
904745,500615,2026-05-29,Debit,20701,UPI
904746,500089,2025-04-15,Debit,33024,NEFT
904747,500459,2025-10-11,Debit,28043,UPI
904748,500320,2025-11-10,Debit,29504,ATM
904749,500096,2026-06-07,Debit,33596,ATM
904750,500685,2025-01-01,Debit,47321,ATM
904751,500598,2026-02-26,Debit,44088,ATM
904752,500561,2025-05-31,Credit,48621,Cash
904753,500137,2026-01-13,Debit,22584,IMPS
904754,500601,2026-01-19,Credit,34621,IMPS
904755,500070,2025-10-10,Credit,46065,NEFT
904756,500238,2025-01-04,Credit,37734,NEFT
904757,500509,2026-03-09,Debit,1236,Cash
904758,500285,2026-05-08,Credit,40938,IMPS
904759,500433,2025-06-28,Credit,4496,Cash
904760,500057,2025-12-30,Credit,14274,UPI
904761,500545,2026-02-02,Debit,2212,Cash
904762,500497,2025-11-11,Debit,16066,NEFT
904763,500566,2025-04-03,Debit,29839,IMPS
904764,500348,2025-06-21,Debit,29932,Cash
904765,500310,2025-05-12,Credit,12419,Cash
904766,500621,2025-09-26,Debit,6857,UPI
904767,500689,2025-06-20,Credit,33166,ATM
904768,500661,2025-08-20,Debit,5479,IMPS
904769,500699,2026-02-21,Debit,20422,ATM
904770,500491,2025-11-06,Credit,13455,UPI
904771,500209,2026-01-11,Credit,33227,NEFT
904772,500009,2025-05-25,Debit,33793,Cash
904773,500201,2025-10-01,Debit,20958,IMPS
904774,500081,2025-12-24,Credit,40863,IMPS
904775,500551,2026-01-09,Credit,45566,UPI
904776,500501,2025-12-02,Debit,40903,IMPS
904777,500060,2026-06-20,Debit,46360,UPI
904778,500175,2026-01-20,Debit,23758,IMPS
904779,500114,2026-01-21,Debit,22720,IMPS
904780,500183,2025-08-09,Credit,6463,IMPS
904781,500226,2025-11-15,Credit,35996,UPI
904782,500057,2025-07-20,Credit,17021,ATM
904783,500194,2025-09-23,Credit,46209,IMPS
904784,500178,2025-11-16,Credit,6836,IMPS
904785,500379,2026-04-20,Credit,3509,IMPS
904786,500105,2025-06-27,Credit,33851,Cash
904787,500159,2026-04-29,Credit,19445,UPI
904788,500090,2025-10-30,Debit,5875,NEFT
904789,500256,2025-03-27,Debit,42116,Cash
904790,500372,2025-07-20,Credit,4213,Cash
904791,500229,2025-02-09,Credit,3959,Cash
904792,500304,2025-01-11,Debit,28998,IMPS
904793,500091,2025-04-13,Credit,40512,ATM
904794,500370,2025-11-07,Debit,21056,ATM
904795,500417,2026-03-19,Credit,49206,Cash
904796,500334,2025-11-07,Credit,36692,NEFT
904797,500612,2025-04-11,Credit,26747,IMPS
904798,500613,2025-10-01,Debit,10107,UPI
904799,500427,2025-11-11,Credit,40609,UPI
904800,500024,2026-03-06,Credit,45632,ATM
904801,500657,2026-01-25,Credit,1231,UPI
904802,500540,2025-05-16,Credit,43625,Cash
904803,500138,2025-05-07,Debit,35197,NEFT
904804,500428,2026-05-31,Credit,10057,UPI
904805,500649,2026-05-27,Debit,41914,ATM
904806,500175,2026-01-26,Debit,9668,UPI
904807,500542,2025-07-18,Debit,32643,IMPS
904808,500089,2025-01-04,Credit,22727,IMPS
904809,500236,2025-05-23,Debit,32361,NEFT
904810,500136,2026-04-12,Credit,46201,NEFT
904811,500162,2025-05-30,Credit,3155,ATM
904812,500274,2025-12-14,Debit,48270,NEFT
904813,500261,2025-07-15,Debit,8101,NEFT
904814,500625,2025-12-25,Credit,19448,Cash
904815,500191,2025-02-15,Debit,44460,IMPS
904816,500658,2025-01-24,Credit,41502,IMPS
904817,500410,2025-01-17,Debit,2978,Cash
904818,500566,2025-01-30,Credit,12022,Cash
904819,500014,2026-03-05,Debit,19789,ATM
904820,500270,2026-04-07,Debit,45489,IMPS
904821,500350,2025-02-12,Credit,16954,UPI
904822,500650,2026-05-30,Debit,28650,ATM
904823,500266,2025-07-29,Credit,6245,ATM
904824,500338,2025-12-29,Debit,8917,NEFT
904825,500528,2026-05-19,Debit,47810,ATM
904826,500356,2026-03-12,Credit,4954,NEFT
904827,500399,2025-02-23,Debit,42511,NEFT
904828,500142,2025-01-24,Credit,6502,NEFT
904829,500570,2026-01-27,Credit,18413,ATM
904830,500604,2025-10-11,Debit,5319,IMPS
904831,500631,2025-01-16,Credit,33453,UPI
904832,500213,2025-12-04,Credit,49902,Cash
904833,500534,2025-11-27,Credit,36807,NEFT
904834,500584,2025-10-24,Debit,4911,IMPS
904835,500125,2025-09-23,Debit,37020,UPI
904836,500371,2025-08-27,Debit,28968,NEFT
904837,500575,2025-09-03,Debit,6193,ATM
904838,500486,2025-08-09,Credit,37088,Cash
904839,500227,2025-05-10,Debit,32437,UPI
904840,500570,2025-09-19,Debit,41177,IMPS
904841,500424,2025-12-06,Debit,45239,NEFT
904842,500608,2025-06-20,Debit,43585,IMPS
904843,500680,2025-07-10,Credit,34541,NEFT
904844,500550,2025-01-02,Credit,34633,NEFT
904845,500158,2025-09-09,Debit,13840,UPI
904846,500448,2026-06-07,Debit,28090,IMPS
904847,500306,2026-03-09,Debit,26937,ATM
904848,500515,2025-01-19,Debit,18354,Cash
904849,500565,2025-08-13,Debit,17716,Cash
904850,500589,2025-11-30,Debit,22036,NEFT
904851,500082,2025-08-25,Debit,41792,NEFT
904852,500084,2026-05-05,Debit,22684,Cash
904853,500615,2025-06-12,Debit,18092,IMPS
904854,500469,2025-10-11,Credit,45046,UPI
904855,500652,2025-10-26,Debit,44920,NEFT
904856,500439,2026-03-31,Debit,49947,UPI
904857,500668,2025-05-01,Debit,27913,Cash
904858,500343,2025-08-18,Debit,40281,ATM
904859,500365,2025-11-22,Credit,23574,ATM
904860,500319,2025-04-25,Debit,28975,IMPS
904861,500614,2026-03-14,Credit,47457,UPI
904862,500052,2025-07-31,Debit,48360,IMPS
904863,500189,2025-03-04,Credit,26052,NEFT
904864,500039,2025-03-29,Debit,37822,ATM
904865,500668,2025-06-08,Credit,18501,NEFT
904866,500130,2026-06-21,Debit,49863,IMPS
904867,500221,2025-11-09,Credit,31530,ATM
904868,500421,2025-02-19,Debit,28666,UPI
904869,500085,2026-06-03,Credit,18095,UPI
904870,500209,2025-07-21,Debit,36377,UPI
904871,500074,2025-12-08,Credit,28846,NEFT
904872,500384,2026-06-24,Debit,26330,ATM
904873,500107,2025-12-21,Debit,17218,Cash
904874,500427,2025-01-17,Debit,16159,IMPS
904875,500158,2026-02-07,Credit,40408,ATM
904876,500497,2025-10-01,Debit,41583,NEFT
904877,500508,2025-05-20,Credit,41330,Cash
904878,500212,2026-02-09,Debit,40997,IMPS
904879,500065,2025-04-20,Credit,46669,IMPS
904880,500358,2026-02-23,Debit,48523,NEFT
904881,500514,2026-01-09,Credit,11287,UPI
904882,500366,2025-11-25,Credit,36608,NEFT
904883,500021,2026-05-25,Debit,22394,Cash
904884,500563,2025-05-23,Credit,10501,ATM
904885,500187,2026-03-03,Debit,14356,IMPS
904886,500380,2026-02-12,Debit,42131,IMPS
904887,500274,2025-10-23,Debit,265,ATM
904888,500575,2025-01-23,Debit,22604,UPI
904889,500683,2025-04-13,Credit,29989,ATM
904890,500384,2026-01-15,Credit,10138,IMPS
904891,500694,2025-10-11,Debit,6389,Cash
904892,500619,2025-06-19,Debit,13600,UPI
904893,500440,2025-10-10,Credit,34179,NEFT
904894,500530,2025-12-11,Debit,17933,ATM
904895,500456,2026-03-21,Debit,24953,Cash
904896,500597,2025-02-07,Debit,1328,Cash
904897,500334,2025-11-07,Debit,42609,NEFT
904898,500654,2025-11-10,Credit,28405,IMPS
904899,500483,2026-05-20,Credit,22138,ATM
904900,500578,2025-06-28,Credit,47674,UPI
904901,500597,2025-09-30,Credit,32007,ATM
904902,500247,2025-11-02,Credit,22760,NEFT
904903,500369,2026-04-20,Debit,8291,UPI
904904,500680,2025-02-18,Credit,8165,Cash
904905,500659,2025-09-16,Debit,29909,NEFT
904906,500295,2025-09-27,Credit,43564,UPI
904907,500676,2025-09-26,Debit,8848,NEFT
904908,500361,2026-01-10,Debit,32899,Cash
904909,500411,2025-09-18,Credit,14730,Cash
904910,500277,2026-05-15,Debit,6341,ATM
904911,500547,2025-12-03,Debit,30744,NEFT
904912,500635,2025-11-18,Credit,15683,NEFT
904913,500550,2026-01-11,Debit,23006,IMPS
904914,500019,2025-12-19,Debit,49044,IMPS
904915,500309,2026-05-15,Debit,32971,UPI
904916,500670,2026-02-23,Debit,3003,NEFT
904917,500544,2025-09-26,Credit,12775,ATM
904918,500172,2025-09-02,Credit,48705,Cash
904919,500455,2025-01-02,Debit,1295,ATM
904920,500105,2025-09-15,Debit,38956,ATM
904921,500649,2025-04-09,Debit,47910,ATM
904922,500686,2026-05-16,Credit,19160,UPI
904923,500570,2025-12-24,Debit,37580,Cash
904924,500043,2026-06-15,Credit,32823,Cash
904925,500382,2026-02-17,Credit,8138,ATM
904926,500027,2025-07-15,Debit,6704,UPI
904927,500080,2026-04-17,Debit,40455,UPI
904928,500675,2025-02-10,Credit,28826,UPI
904929,500393,2026-04-17,Debit,37758,UPI
904930,500501,2026-03-19,Credit,34768,Cash
904931,500322,2025-04-11,Debit,46213,NEFT
904932,500113,2026-01-09,Credit,43654,IMPS
904933,500600,2026-03-11,Debit,26432,NEFT
904934,500362,2025-07-22,Debit,32003,NEFT
904935,500377,2025-12-31,Debit,3080,ATM
904936,500060,2026-04-11,Credit,8805,IMPS
904937,500552,2025-08-08,Debit,5695,NEFT
904938,500237,2025-12-20,Credit,49467,NEFT
904939,500627,2025-01-08,Credit,17932,NEFT
904940,500049,2026-04-25,Debit,10911,ATM
904941,500651,2025-11-14,Credit,28425,ATM
904942,500689,2025-08-19,Debit,31543,IMPS
904943,500424,2026-03-29,Credit,45615,Cash
904944,500533,2025-01-23,Credit,46210,UPI
904945,500681,2025-02-22,Debit,44241,NEFT
904946,500373,2026-03-24,Debit,36847,NEFT
904947,500400,2025-01-26,Credit,22559,NEFT
904948,500686,2026-03-02,Credit,47905,ATM
904949,500606,2025-09-28,Credit,9372,IMPS
904950,500536,2026-02-04,Debit,38325,UPI
904951,500091,2025-05-10,Credit,12953,NEFT
904952,500078,2025-09-28,Credit,21220,NEFT
904953,500387,2025-03-26,Credit,38476,ATM
904954,500658,2025-05-31,Debit,40646,Cash
904955,500404,2025-11-23,Debit,17408,Cash
904956,500387,2026-01-17,Credit,11953,Cash
904957,500325,2025-10-14,Debit,5107,UPI
904958,500534,2025-04-10,Debit,5692,NEFT
904959,500392,2026-04-06,Credit,33602,UPI
904960,500347,2025-05-28,Credit,13605,IMPS
904961,500664,2025-04-13,Credit,29234,ATM
904962,500526,2025-11-05,Credit,35296,Cash
904963,500509,2025-03-24,Debit,25134,NEFT
904964,500170,2025-01-29,Credit,17207,IMPS
904965,500250,2025-07-23,Credit,21310,Cash
904966,500062,2025-04-10,Credit,12196,ATM
904967,500174,2025-08-01,Debit,848,NEFT
904968,500002,2026-06-05,Debit,25979,Cash
904969,500480,2026-05-10,Credit,48092,IMPS
904970,500011,2026-03-08,Debit,28640,UPI
904971,500557,2025-08-31,Debit,24821,NEFT
904972,500619,2026-01-18,Credit,31765,ATM
904973,500670,2026-05-10,Credit,41814,ATM
904974,500190,2025-04-07,Debit,9752,UPI
904975,500289,2026-06-21,Debit,36860,UPI
904976,500673,2025-11-03,Credit,32933,ATM
904977,500589,2025-08-16,Credit,14923,NEFT
904978,500397,2025-11-01,Debit,26354,Cash
904979,500630,2026-03-16,Debit,19663,UPI
904980,500603,2025-03-27,Debit,2525,Cash
904981,500237,2025-01-21,Debit,16495,IMPS
904982,500034,2026-05-14,Credit,15138,Cash
904983,500134,2025-12-11,Credit,46313,IMPS
904984,500462,2025-02-24,Credit,36296,UPI
904985,500383,2025-04-13,Credit,26124,IMPS
904986,500146,2026-02-05,Debit,806,ATM
904987,500284,2025-06-29,Credit,21865,NEFT
904988,500069,2025-09-12,Debit,47851,NEFT
904989,500350,2025-06-25,Debit,325,NEFT
904990,500179,2025-04-26,Debit,37546,UPI
904991,500564,2026-06-07,Debit,24141,Cash
904992,500527,2025-01-11,Credit,39649,NEFT
904993,500204,2026-01-12,Credit,49645,IMPS
904994,500306,2025-07-16,Credit,379,ATM
904995,500371,2026-04-05,Credit,21482,UPI
904996,500492,2025-11-15,Debit,16727,ATM
904997,500588,2025-08-11,Debit,8103,UPI
904998,500167,2025-03-25,Debit,3185,UPI
904999,500155,2025-09-08,Credit,5787,IMPS
905000,500339,2026-01-12,Debit,37210,IMPS
